split,scale,backbone,loss,metric,n_images,mean_diff,ci_low,ci_high,p_wilcoxon,p_holm,improves,degrades,role
random,2.0,deeplabv3plus_r101,cldice,stem_iou,174,-0.05393799239192447,-0.064402911576048,-0.04289408299129096,2.642282515906182e-15,1.0569130063624727e-14,False,True,primary
random,2.0,deeplabv3plus_r101,cldice,stem_cldice,174,0.02506367959163918,0.01410324036097936,0.036338549760296074,2.556905447299562e-05,2.556905447299562e-05,True,False,primary
random,2.0,deeplabv3plus_r101,cldice,stem_skel_recall,164,0.09525120042731758,0.08058640573867154,0.11054290064016564,4.317998201399689e-21,8.635996402799378e-21,True,False,primary
random,2.0,deeplabv3plus_r101,cldice,stem_betti0_err,219,-1.7975646879756466,-2.8326864535768643,-0.8369482496194836,0.0008402633402997841,0.0008402633402997841,True,False,primary
random,2.0,deeplabv3plus_r101,cldice,head_iou,157,-0.015431301896469012,-0.02123694483755651,-0.010471721448055625,8.859034499559609e-18,2.4431462212936813e-17,False,True,secondary
random,2.0,deeplabv3plus_r101,cldice,leaf_iou,216,-0.0250720524283435,-0.02978453815619415,-0.020682180614567613,6.050044511490536e-31,1.2100089022981072e-30,False,True,secondary
random,2.0,deeplabv3plus_r101,cldice,background_iou,219,-0.019023654626402445,-0.023372628434945805,-0.013898888318685578,2.4011167321433345e-24,9.604466928573338e-24,False,True,secondary
random,2.0,deeplabv3plus_r101,skelrecall,stem_iou,181,-0.03430701025715722,-0.04956263646001702,-0.019171358144808706,1.3400434606820777e-06,2.402876573727497e-06,False,True,primary
random,2.0,deeplabv3plus_r101,skelrecall,stem_cldice,181,-0.041823570536963006,-0.06197852814777609,-0.020259540426225988,2.5070596152998927e-07,7.521178845899678e-07,False,True,primary
random,2.0,deeplabv3plus_r101,skelrecall,stem_skel_recall,164,0.21541187031147307,0.1951092868396222,0.2377342327046688,1.6855784149319281e-28,6.742313659727713e-28,True,False,primary
random,2.0,deeplabv3plus_r101,skelrecall,stem_betti0_err,219,8.13089802130898,6.6194444444444445,9.753462709284626,7.998652457967659e-23,2.3995957373902975e-22,False,True,primary
random,2.0,deeplabv3plus_r101,skelrecall,head_iou,157,-0.010354418096284266,-0.01437549440474603,-0.005308208452333345,8.143820737645605e-18,2.4431462212936813e-17,False,True,secondary
random,2.0,deeplabv3plus_r101,skelrecall,leaf_iou,216,-0.02878450260898099,-0.0338348659410351,-0.024176679643872195,5.40233009044907e-32,2.160932036179628e-31,False,True,secondary
random,2.0,deeplabv3plus_r101,skelrecall,background_iou,219,-0.013635827523195048,-0.01705775465764217,-0.010094749343993889,1.8842958528315173e-22,5.652887558494552e-22,False,True,secondary
random,2.0,segformer_b1,cldice,stem_iou,169,-0.047129725445724746,-0.056834394881618316,-0.037254845883015184,1.8586847934264027e-14,5.576054380279208e-14,False,True,primary
random,2.0,segformer_b1,cldice,stem_cldice,169,0.029653749291843112,0.02097534384615269,0.03924400467172111,7.92730173108193e-11,3.170920692432772e-10,True,False,primary
random,2.0,segformer_b1,cldice,stem_skel_recall,164,0.08818300158817702,0.0732220476871505,0.10447151150813973,1.8076882345530606e-19,1.8076882345530606e-19,True,False,primary
random,2.0,segformer_b1,cldice,stem_betti0_err,219,-5.654490106544902,-7.391286149162861,-3.9836377473363838,2.3802028810595324e-10,4.760405762119065e-10,True,False,primary
random,2.0,segformer_b1,cldice,head_iou,151,-0.01516937776761494,-0.020427767002138587,-0.010870233665782788,9.274911008055058e-19,3.709964403222023e-18,False,True,secondary
random,2.0,segformer_b1,cldice,leaf_iou,217,-0.021671045601672625,-0.025967528837040604,-0.017898257891590646,7.000888035047925e-30,7.000888035047925e-30,False,True,secondary
random,2.0,segformer_b1,cldice,background_iou,219,-0.017260484859532,-0.02139141063955226,-0.013391174910838436,2.5833259296087587e-22,5.652887558494552e-22,False,True,secondary
random,2.0,segformer_b1,skelrecall,stem_iou,169,-0.04017171055648675,-0.05691327913702649,-0.02348491124431777,1.2014382868637485e-06,2.402876573727497e-06,False,True,primary
random,2.0,segformer_b1,skelrecall,stem_cldice,169,-0.05121535543706267,-0.07445048303682995,-0.02834433348449434,5.22398080619702e-07,1.044796161239404e-06,False,True,primary
random,2.0,segformer_b1,skelrecall,stem_skel_recall,164,0.22405219465131115,0.20186304627138962,0.24776167075170108,1.6289589936240765e-27,4.886876980872229e-27,True,False,primary
random,2.0,segformer_b1,skelrecall,stem_betti0_err,219,17.089802130898022,14.545129375951293,19.616438356164384,1.6381028612340728e-29,6.552411444936291e-29,False,True,primary
random,2.0,segformer_b1,skelrecall,head_iou,151,-0.0104019658867388,-0.013827211809619277,-0.007512940703551133,9.263388369761737e-16,9.263388369761737e-16,False,True,secondary
random,2.0,segformer_b1,skelrecall,leaf_iou,217,-0.0272133221494339,-0.03203043583673316,-0.02291916995949907,1.471575575335734e-31,4.414726726007202e-31,False,True,secondary
random,2.0,segformer_b1,skelrecall,background_iou,219,-0.006247763205954896,-0.009289990443531654,-0.0035326619019999373,2.7465064463513385e-08,2.7465064463513385e-08,False,True,secondary
