split,backbone,comparison,metric,n,mean_diff,ci_low,ci_high,p,p_holm,improves,degrades
random,deeplabv3plus_r101,base+thr vs base,stem_iou,179,0.005317582290647083,0.0023062431489988574,0.008384534264623317,0.0003067440581303124,0.0046011608719546855,True,False
random,deeplabv3plus_r101,base+thr vs base,stem_cldice,179,0.006659115413160727,0.0032673066234893927,0.010037172417401503,0.000320718705149808,0.0032071870514980803,True,False
random,deeplabv3plus_r101,base+thr vs base,stem_skel_recall,164,0.04226325523974512,0.03902057481858372,0.045658415736764324,5.0652871126008004e-27,9.11751680268144e-26,True,False
random,deeplabv3plus_r101,base+thr vs base,stem_betti0_err,219,0.30745814307458147,-0.03352359208523589,0.6986681887366817,0.3088743249053537,1.0,False,False
random,deeplabv3plus_r101,base+thr vs base,head_iou,161,-0.00034270117582651567,-0.0006819371283084009,-0.00011972897646562814,0.0013684005486427895,0.005473602194571158,False,True
random,deeplabv3plus_r101,base+thr vs base,leaf_iou,218,-0.0029037512552326293,-0.003844234645607216,-0.0021089381725185228,7.260507357330365e-23,9.438659564529474e-22,False,True
random,deeplabv3plus_r101,base+thr vs base,background_iou,219,-0.0002069360211890176,-0.0005469584376290152,2.6315848994673723e-06,0.10326373293466955,0.2065274658693391,False,False
random,deeplabv3plus_r101,cldice vs base+thr,stem_iou,174,-0.009289908139757564,-0.015034195687474536,-0.0032382527173268902,0.0007943785187839998,0.011121299262975996,False,True
random,deeplabv3plus_r101,cldice vs base+thr,stem_cldice,174,0.03294292580988213,0.024066522650737998,0.04183669796737227,1.7591275709016045e-13,2.814604113442567e-12,True,False
random,deeplabv3plus_r101,cldice vs base+thr,stem_skel_recall,164,0.021551794216628777,0.010840029669104278,0.0323798519533381,8.74160738020927e-05,0.00043708036901046347,True,False
random,deeplabv3plus_r101,cldice vs base+thr,stem_betti0_err,219,-0.6270928462709284,-1.773249619482496,0.4368340943683409,0.5674665396139182,1.0,False,False
random,deeplabv3plus_r101,cldice vs base+thr,head_iou,156,-0.0063171269370928575,-0.012769431586509512,0.003916212216769448,7.016467722286691e-14,1.1226348355658706e-12,False,False
random,deeplabv3plus_r101,cldice vs base+thr,leaf_iou,218,-0.013599003468111224,-0.01658890457062435,-0.010728315752320349,6.421956850317113e-23,8.990739590443958e-22,False,True
random,deeplabv3plus_r101,cldice vs base+thr,background_iou,219,-0.020801680418209758,-0.02585185736084672,-0.01611534934596369,6.242884351486492e-19,9.988614962378387e-18,False,True
random,deeplabv3plus_r101,cldice+thr vs base+thr,stem_iou,174,-0.006217844511660874,-0.011961177351264294,-0.00043183382715585223,0.02374262025933514,0.28491144311202166,False,False
random,deeplabv3plus_r101,cldice+thr vs base+thr,stem_cldice,174,0.026412706896804975,0.01736698034414545,0.035632805130981715,2.3288426683309154e-10,3.4932640024963732e-09,True,False
random,deeplabv3plus_r101,cldice+thr vs base+thr,stem_skel_recall,164,0.0005552328767616074,-0.009768476079820421,0.010987452351253648,0.80526908935765,0.80526908935765,False,False
random,deeplabv3plus_r101,cldice+thr vs base+thr,stem_betti0_err,219,-0.6194824961948252,-1.750456621004567,0.430783866057838,0.5207284945336734,1.0,False,False
random,deeplabv3plus_r101,cldice+thr vs base+thr,head_iou,156,-0.006020704091356808,-0.012503588176622537,0.004188766456718746,2.1264562048187155e-13,2.977038686746202e-12,False,False
random,deeplabv3plus_r101,cldice+thr vs base+thr,leaf_iou,218,-0.010819280103836822,-0.013315586829628981,-0.008359420133876323,2.8429384980388833e-19,2.8429384980388835e-18,False,True
random,deeplabv3plus_r101,cldice+thr vs base+thr,background_iou,219,-0.020148918476527597,-0.025038867882842084,-0.015435432109312223,1.5241033184532978e-18,2.2861549776799466e-17,False,True
random,deeplabv3plus_r101,skelrecall vs base+thr,stem_iou,176,-0.008365746470718239,-0.01628098810804102,-0.0002489315324664268,0.010552210543085012,0.13717873706010517,False,False
random,deeplabv3plus_r101,skelrecall vs base+thr,stem_cldice,176,-0.0009288180648690347,-0.011730355021882164,0.010892555542804118,0.26365134708446725,1.0,False,False
random,deeplabv3plus_r101,skelrecall vs base+thr,stem_skel_recall,164,0.11658345975455163,0.1030259634042393,0.1303957119427025,3.141792851661266e-26,4.398509992325772e-25,True,False
random,deeplabv3plus_r101,skelrecall vs base+thr,stem_betti0_err,219,0.06849315068493145,-0.6409056316590562,0.8159817351598164,0.6582132321960596,1.0,False,False
random,deeplabv3plus_r101,skelrecall vs base+thr,head_iou,159,-0.008377508242488334,-0.012623594063470111,-0.0031276893327883432,3.4681264727445783e-13,4.508564414567952e-12,False,True
random,deeplabv3plus_r101,skelrecall vs base+thr,leaf_iou,218,-0.016629891869067846,-0.01953490910689944,-0.013887527395268606,1.5512310660946264e-28,2.9473390255797902e-27,False,True
random,deeplabv3plus_r101,skelrecall vs base+thr,background_iou,219,-0.013420873869397361,-0.018111732927731744,-0.009000306756642915,7.195854384785666e-14,8.064506648391012e-13,False,True
random,deeplabv3plus_r101,skelrecall+thr vs base+thr,stem_iou,175,0.004254033127241399,-0.0017225095928924154,0.010466411172158534,0.11013252782851417,1.0,False,False
random,deeplabv3plus_r101,skelrecall+thr vs base+thr,stem_cldice,175,0.012122585667117679,0.0039131098261195145,0.02092182065968121,0.0024581487019811536,0.017207040913868075,True,False
random,deeplabv3plus_r101,skelrecall+thr vs base+thr,stem_skel_recall,164,0.0616028648840092,0.050304215396502795,0.07319247765068648,2.1134842167034022e-19,2.3248326383737425e-18,True,False
random,deeplabv3plus_r101,skelrecall+thr vs base+thr,stem_betti0_err,219,-0.5388127853881278,-1.0639269406392695,-0.028843226788432742,0.27177771768987746,1.0,False,False
random,deeplabv3plus_r101,skelrecall+thr vs base+thr,head_iou,159,-0.006596689581987075,-0.01081499115543069,-0.001619124460504818,1.6468174430865218e-10,1.811499187395174e-09,False,True
random,deeplabv3plus_r101,skelrecall+thr vs base+thr,leaf_iou,218,-0.009185378453553163,-0.011509281369077104,-0.0070319458540671585,3.3979970963199885e-17,2.038798257791993e-16,False,True
random,deeplabv3plus_r101,skelrecall+thr vs base+thr,background_iou,219,-0.012461406585812951,-0.017221501381472312,-0.008140258010033204,2.971042700950768e-13,2.971042700950768e-12,False,True
random,segformer_b1,base+thr vs base,stem_iou,172,0.007234862008862302,0.0037786227377161826,0.01052542432570942,5.079517593228528e-05,0.0009143131667811351,True,False
random,segformer_b1,base+thr vs base,stem_cldice,172,0.006171785935146162,0.0024794596707977713,0.009852045828543411,0.0011753672023181194,0.009402937618544955,True,False
random,segformer_b1,base+thr vs base,stem_skel_recall,164,0.04279472660338751,0.03957885686272317,0.04622428205756017,1.0791689185991903e-26,1.8345871616186235e-25,True,False
random,segformer_b1,base+thr vs base,stem_betti0_err,219,0.9893455098934549,0.5401065449010654,1.4507610350076088,1.0199459157521285e-05,0.00016319134652034056,False,True
random,segformer_b1,base+thr vs base,head_iou,152,4.9289473131731766e-05,-0.00010055559689294387,0.000214833940109625,0.5597237191116675,0.5597237191116675,False,False
random,segformer_b1,base+thr vs base,leaf_iou,217,-0.002507724360558939,-0.003328653741108656,-0.0017766293122982782,1.03842036057595e-17,7.26894252403165e-17,False,True
random,segformer_b1,base+thr vs base,background_iou,219,-0.00030268740637195567,-0.000607901592347719,-0.0001039381921106542,0.0022178433576679744,0.008871373430671898,False,True
random,segformer_b1,cldice vs base+thr,stem_iou,170,-0.0026519541980273426,-0.009523414983608279,0.003589759321580221,0.5754025178900714,1.0,False,False
random,segformer_b1,cldice vs base+thr,stem_cldice,170,0.03348827650632572,0.02634288742922071,0.040837048320913116,2.6821676032311008e-17,5.096118446139092e-16,True,False
random,segformer_b1,cldice vs base+thr,stem_skel_recall,164,0.016642333380319896,0.006969249370705274,0.026640317898753183,0.0001552613296418719,0.0006187101848871694,True,False
random,segformer_b1,cldice vs base+thr,stem_betti0_err,219,-4.6697108066971085,-6.106887366818874,-3.2297564687975644,7.789248563899468e-09,1.4020563416339557e-07,True,False
random,segformer_b1,cldice vs base+thr,head_iou,151,-0.01188815192120953,-0.015307225935600063,-0.00938332024665706,6.633495054568025e-22,1.3266990109136051e-20,False,True
random,segformer_b1,cldice vs base+thr,leaf_iou,217,-0.008736523000439327,-0.011149987674393107,-0.006125732224420853,6.494799659729971e-25,1.0916951111012377e-23,False,True
random,segformer_b1,cldice vs base+thr,background_iou,219,-0.01734135185179187,-0.02161252995232987,-0.013132479412794043,8.771976709304023e-24,1.5956281282524771e-22,False,True
random,segformer_b1,cldice+thr vs base+thr,stem_iou,170,-0.0026540183383246202,-0.009528732446667904,0.0035816081235618548,0.5729203472361325,1.0,False,False
random,segformer_b1,cldice+thr vs base+thr,stem_cldice,170,0.03344108422638721,0.026268695352249318,0.040752309142292775,2.6821676032311008e-17,5.096118446139092e-16,True,False
random,segformer_b1,cldice+thr vs base+thr,stem_skel_recall,164,0.016644509124517252,0.00697513103974107,0.026615227612569736,0.00015467754622179236,0.0006187101848871694,True,False
random,segformer_b1,cldice+thr vs base+thr,stem_betti0_err,219,-4.67275494672755,-6.106887366818874,-3.234284627092847,7.78920189796642e-09,1.4020563416339557e-07,True,False
random,segformer_b1,cldice+thr vs base+thr,head_iou,151,-0.011885007918333116,-0.015303010137114383,-0.009381542136295553,6.633495054568025e-22,1.3266990109136051e-20,False,True
random,segformer_b1,cldice+thr vs base+thr,leaf_iou,217,-0.008738690993192313,-0.011152065096957993,-0.006128199075084573,6.421735947654339e-25,1.0916951111012377e-23,False,True
random,segformer_b1,cldice+thr vs base+thr,background_iou,219,-0.01733930244489586,-0.021609756390176187,-0.013127790523815058,8.398042780276195e-24,1.5956281282524771e-22,False,True
random,segformer_b1,skelrecall vs base+thr,stem_iou,175,-0.02637916478413874,-0.03880642898147668,-0.015323876406350063,4.886596491304438e-07,9.773192982608876e-06,False,True
random,segformer_b1,skelrecall vs base+thr,stem_cldice,175,-0.02616458093397075,-0.0423119859327703,-0.011690835301233334,4.233355359173554e-06,5.50336196692562e-05,False,True
random,segformer_b1,skelrecall vs base+thr,stem_skel_recall,164,0.1490296083348907,0.13297662089605558,0.1667566925656319,2.721849391701319e-27,5.171513844232506e-26,True,False
random,segformer_b1,skelrecall vs base+thr,stem_betti0_err,219,3.7686453576864536,2.453424657534246,5.0139269406392675,6.496708776567614e-11,1.2993417553135228e-09,False,True
random,segformer_b1,skelrecall vs base+thr,head_iou,151,-0.012201015736141555,-0.017190898570166844,-0.008729934109766854,1.5190154220803967e-18,2.734227759744714e-17,False,True
random,segformer_b1,skelrecall vs base+thr,leaf_iou,217,-0.019231983928898022,-0.02226126137441789,-0.016458556306544813,6.763154084389451e-33,1.3526308168778902e-31,False,True
random,segformer_b1,skelrecall vs base+thr,background_iou,219,-0.011951006109725233,-0.015798795088691836,-0.00846582194657525,1.0329899179638274e-14,1.4461858851493583e-13,False,True
random,segformer_b1,skelrecall+thr vs base+thr,stem_iou,175,-0.0058341685398775765,-0.014801357190562709,0.00200061528733919,0.18087142792978284,1.0,False,False
random,segformer_b1,skelrecall+thr vs base+thr,stem_cldice,175,-0.0007642118481919644,-0.012525419651012124,0.010245236765139797,0.6467587299010458,1.0,False,False
random,segformer_b1,skelrecall+thr vs base+thr,stem_skel_recall,164,0.07724609634523422,0.06422927956529999,0.09098205283872421,1.2438716371557268e-20,1.6170331283024448e-19,True,False
random,segformer_b1,skelrecall+thr vs base+thr,stem_betti0_err,219,2.732115677321157,1.9328767123287673,3.6012557077625567,2.0241253513589352e-10,3.845838167581977e-09,False,True
random,segformer_b1,skelrecall+thr vs base+thr,head_iou,151,-0.010338602619193095,-0.01522788029727553,-0.006792546959227506,1.0696820654300581e-16,1.8184595112310988e-15,False,True
random,segformer_b1,skelrecall+thr vs base+thr,leaf_iou,217,-0.008248222563624317,-0.00977292677067747,-0.006858350281419916,4.670701936626e-24,7.006052904939e-23,False,True
random,segformer_b1,skelrecall+thr vs base+thr,background_iou,219,-0.010960132250318408,-0.014581100874851061,-0.007662259894773349,3.17051201259553e-13,2.971042700950768e-12,False,True
random,segformer_b2,base+thr vs base,stem_iou,173,0.00338420286432473,0.0011724573839193228,0.0056732172183240025,0.0002588468807937861,0.004141550092700577,True,False
random,segformer_b2,base+thr vs base,stem_cldice,173,0.004749692704627665,0.002232600787582445,0.007395456740819715,3.9246096163863314e-05,0.00043170705780249644,True,False
random,segformer_b2,base+thr vs base,stem_skel_recall,164,0.026223603221307193,0.024005461379744047,0.028644344948540776,1.0791952452515816e-26,1.8345871616186235e-25,True,False
random,segformer_b2,base+thr vs base,stem_betti0_err,219,0.13242009132420093,-0.14159056316590563,0.4049086757990866,0.5481670115029507,1.0,False,False
random,segformer_b2,base+thr vs base,head_iou,151,-9.801807028943288e-05,-0.00023974522298995322,1.171687553315957e-05,0.25848088968914273,0.5169617793782855,False,False
random,segformer_b2,base+thr vs base,leaf_iou,216,-0.0015347499070198357,-0.002008758580378062,-0.0011370355480855498,5.111191088476685e-20,5.622310197324353e-19,False,True
random,segformer_b2,base+thr vs base,background_iou,219,-0.0001470896458060519,-0.00026207770585534714,-5.877227897571739e-05,0.0068215231810928225,0.020464569543278466,False,True
random,segformer_b2,cldice vs base+thr,stem_iou,172,0.0027857350678917522,-0.003325012685466115,0.009014642606736626,0.7865679764207179,1.0,False,False
random,segformer_b2,cldice vs base+thr,stem_cldice,172,0.03786411280710671,0.0301755733646483,0.04543494229928051,5.16161987613725e-18,1.03232397522745e-16,True,False
random,segformer_b2,cldice vs base+thr,stem_skel_recall,164,0.030496555018934873,0.020793012790298715,0.04069480873859085,2.6114616721258105e-09,2.0891693377006484e-08,True,False
random,segformer_b2,cldice vs base+thr,stem_betti0_err,219,-2.089802130898021,-3.2268264840182654,-0.9281963470319651,0.004853485553729568,0.058241826644754816,False,False
random,segformer_b2,cldice vs base+thr,head_iou,151,-0.0027582298084239338,-0.0072544864824890766,0.00395036698876082,8.81916487759578e-10,8.819164877595779e-09,False,False
random,segformer_b2,cldice vs base+thr,leaf_iou,216,-0.01002363518398529,-0.012515884759922394,-0.00730326908832643,3.5765530947902116e-22,4.291863713748254e-21,False,True
random,segformer_b2,cldice vs base+thr,background_iou,219,-0.018056155094456103,-0.022451216410074862,-0.014167511882790923,4.230495032064981e-24,8.460990064129962e-23,False,True
random,segformer_b2,cldice+thr vs base+thr,stem_iou,172,0.004707292160435229,-0.0014530851645913143,0.010619220903917674,0.3690868781323531,1.0,False,False
random,segformer_b2,cldice+thr vs base+thr,stem_cldice,172,0.03507647028676976,0.027660399367734036,0.042308094861928686,3.932335897434806e-17,6.684971025639171e-16,True,False
random,segformer_b2,cldice+thr vs base+thr,stem_skel_recall,164,0.014973959690335732,0.005791825037461006,0.024495100647628047,0.00402460205497119,0.00804920410994238,True,False
random,segformer_b2,cldice+thr vs base+thr,stem_betti0_err,219,-2.240487062404871,-3.4051369863013705,-1.068188736681889,0.001908069716931363,0.028621045753970446,True,False
random,segformer_b2,cldice+thr vs base+thr,head_iou,151,-0.002592215726875131,-0.007119255906484233,0.004085516796753111,1.2571420489474812e-09,1.1314278440527331e-08,False,False
random,segformer_b2,cldice+thr vs base+thr,leaf_iou,216,-0.008196586718061626,-0.010403263433141054,-0.005772025200399717,3.5320015596824357e-19,3.178801403714192e-18,False,True
random,segformer_b2,cldice+thr vs base+thr,background_iou,219,-0.01778014418365647,-0.02216438384796147,-0.013919631480866146,8.841263645686842e-24,1.5956281282524771e-22,False,True
random,segformer_b2,skelrecall vs base+thr,stem_iou,174,-0.015505612108832318,-0.025652471723691297,-0.005290543098954625,0.00010061701029034238,0.0017104891749358205,False,True
random,segformer_b2,skelrecall vs base+thr,stem_cldice,174,-0.004980370561759681,-0.019470549346175474,0.009675412779760766,0.022045742694509693,0.13227445616705816,False,False
random,segformer_b2,skelrecall vs base+thr,stem_skel_recall,164,0.12888626241541146,0.11258190899359079,0.14713213340632303,1.6306091906502005e-26,2.445913785975301e-25,True,False
random,segformer_b2,skelrecall vs base+thr,stem_betti0_err,219,0.3242009132420091,-0.48261035007610364,1.1644596651445962,0.10174025473197146,0.8139220378557717,False,False
random,segformer_b2,skelrecall vs base+thr,head_iou,150,-0.005594740715521177,-0.00897892592949883,-0.0010067597112707472,1.657307029501416e-13,2.485960544252124e-12,False,True
random,segformer_b2,skelrecall vs base+thr,leaf_iou,216,-0.01424055783466589,-0.016766845679013348,-0.01176989889917008,2.2188342497273525e-26,3.9939016495092344e-25,False,True
random,segformer_b2,skelrecall vs base+thr,background_iou,219,-0.010979241184430461,-0.014415204496049595,-0.007785804624645505,1.9462221093027483e-14,2.5300887420935726e-13,False,True
random,segformer_b2,skelrecall+thr vs base+thr,stem_iou,174,0.002089994352300456,-0.005302609386337546,0.009328981405395419,0.8194517903130916,1.0,False,False
random,segformer_b2,skelrecall+thr vs base+thr,stem_cldice,174,0.011228327391643683,0.0005076932106024048,0.022077844327303007,0.1659224841693301,0.8296124208466504,False,False
random,segformer_b2,skelrecall+thr vs base+thr,stem_skel_recall,164,0.06766517810441595,0.05457073761851715,0.08220850222948718,1.269408120407151e-19,1.5232897444885811e-18,True,False
random,segformer_b2,skelrecall+thr vs base+thr,stem_betti0_err,219,0.30441400304414,-0.28923135464231353,0.9056316590563165,0.6749302157541875,1.0,False,False
random,segformer_b2,skelrecall+thr vs base+thr,head_iou,150,-0.0036679651261928136,-0.006702177608350863,0.0006013560544466305,2.9884203002152906e-11,3.586104360258349e-10,False,False
random,segformer_b2,skelrecall+thr vs base+thr,leaf_iou,216,-0.006259803605152059,-0.007915728558511718,-0.004705900775401403,8.866434124994788e-16,4.433217062497394e-15,False,True
random,segformer_b2,skelrecall+thr vs base+thr,background_iou,219,-0.01029110704582346,-0.013679880957161578,-0.0071327432593118025,6.72042220699251e-14,8.064506648391012e-13,False,True
random,upernet_convnext_t,base+thr vs base,stem_iou,187,0.005996137911957888,0.0026867330041650786,0.009156648904021382,3.509743243055929e-05,0.0006668512161806266,True,False
random,upernet_convnext_t,base+thr vs base,stem_cldice,187,0.004890733422717975,0.0011020361518855224,0.008695051870932592,0.0007689792411262379,0.006920813170136142,True,False
random,upernet_convnext_t,base+thr vs base,stem_skel_recall,164,0.042612619303182005,0.03922987600088462,0.046392976342019804,1.1160816889616033e-27,2.2321633779232068e-26,True,False
random,upernet_convnext_t,base+thr vs base,stem_betti0_err,219,0.4550989345509893,0.19178082191780818,0.7443302891933027,0.007603488713386985,0.08363837584725684,False,False
random,upernet_convnext_t,base+thr vs base,head_iou,159,-0.0001698070029845401,-0.0003503916271597909,-1.7123221186389237e-05,0.057005564116896626,0.1710166923506899,False,False
random,upernet_convnext_t,base+thr vs base,leaf_iou,218,-0.0018282112827739954,-0.002368100933468298,-0.0013426221959521988,4.868209011788239e-18,3.8945672094305914e-17,False,True
random,upernet_convnext_t,base+thr vs base,background_iou,219,-6.912493272490539e-05,-0.00023973464440424935,6.860858227934517e-05,0.6170934052386383,0.6170934052386383,False,False
random,upernet_convnext_t,cldice vs base+thr,stem_iou,181,-0.0017609515347111694,-0.007371826066921918,0.004075361499082176,0.30508166592881036,1.0,False,False
random,upernet_convnext_t,cldice vs base+thr,stem_cldice,181,0.01627168741653203,0.008437739692884774,0.024319296721475876,7.3842468910043134e-06,8.861096269205176e-05,True,False
random,upernet_convnext_t,cldice vs base+thr,stem_skel_recall,164,-0.018350619575253267,-0.026256512097345353,-0.010354748489240317,5.361176295362145e-07,3.7528234067535013e-06,False,True
random,upernet_convnext_t,cldice vs base+thr,stem_betti0_err,219,-1.4322678843226786,-2.146232876712329,-0.753348554033486,0.00276793433514363,0.03875108069201082,True,False
random,upernet_convnext_t,cldice vs base+thr,head_iou,156,-0.0033551195462541185,-0.005528690274214889,-0.0013360157762695537,5.543083894665816e-06,2.8393690719667508e-05,False,True
random,upernet_convnext_t,cldice vs base+thr,leaf_iou,218,-0.0024653022928438286,-0.004061594832407834,-0.0010254439392690048,0.00010730192902722006,0.00010730192902722006,False,True
random,upernet_convnext_t,cldice vs base+thr,background_iou,219,-0.006002509337674069,-0.008934356487352437,-0.002956346086905079,4.770948384789967e-07,3.339663869352977e-06,False,True
random,upernet_convnext_t,cldice+thr vs base+thr,stem_iou,181,-0.00171669768571582,-0.007183029251840057,0.003942335297685411,0.31236883376736013,1.0,False,False
random,upernet_convnext_t,cldice+thr vs base+thr,stem_cldice,181,0.017013934716911552,0.009245071338374667,0.02488048312605644,1.5267812828944973e-06,2.137493796052296e-05,True,False
random,upernet_convnext_t,cldice+thr vs base+thr,stem_skel_recall,164,-0.01437246614654458,-0.022203627280526616,-0.0065039813318870906,4.0368030650991094e-05,0.00024220818390594657,False,True
random,upernet_convnext_t,cldice+thr vs base+thr,stem_betti0_err,219,-1.4703196347031964,-2.1994292237442923,-0.7731735159817354,0.002953510446133598,0.03875108069201082,True,False
random,upernet_convnext_t,cldice+thr vs base+thr,head_iou,156,-0.003386451192843235,-0.005558676407925208,-0.001364154096309174,4.732281786611251e-06,2.8393690719667508e-05,False,True
random,upernet_convnext_t,cldice+thr vs base+thr,leaf_iou,218,-0.0027369692457301716,-0.004334281461900204,-0.0013364567293584445,1.7524785282317593e-05,3.504957056463519e-05,False,True
random,upernet_convnext_t,cldice+thr vs base+thr,background_iou,219,-0.006044929225072774,-0.0089815535714714,-0.0029898866899455315,3.5079094610188125e-07,2.80632756881505e-06,False,True
random,upernet_convnext_t,skelrecall vs base+thr,stem_iou,184,-0.001113099148096731,-0.006801556837677321,0.0046576088975992785,0.501949160850959,1.0,False,False
random,upernet_convnext_t,skelrecall vs base+thr,stem_cldice,184,0.004650523804738831,-0.0027920141512519504,0.012445076418909835,0.8207380299683444,1.0,False,False
random,upernet_convnext_t,skelrecall vs base+thr,stem_skel_recall,164,0.0419496527723821,0.03289820366558262,0.05178837204828981,8.000648432354477e-17,8.000648432354477e-16,True,False
random,upernet_convnext_t,skelrecall vs base+thr,stem_betti0_err,219,-0.6057838660578386,-1.0578386605783865,-0.20700152207001526,0.016942588478760942,0.16942588478760942,False,False
random,upernet_convnext_t,skelrecall vs base+thr,head_iou,155,-0.0047157497895135075,-0.006613842834811636,-0.0029335955319792738,1.0169314223874089e-07,8.135451379099271e-07,False,True
random,upernet_convnext_t,skelrecall vs base+thr,leaf_iou,218,-0.0033308366364241298,-0.004705510477154362,-0.0019925771818289336,3.98382516462899e-08,1.593530065851596e-07,False,True
random,upernet_convnext_t,skelrecall vs base+thr,background_iou,219,-0.005119086100370456,-0.007511186681882623,-0.0027554718137910144,1.5103492714129304e-05,9.062095628477582e-05,False,True
random,upernet_convnext_t,skelrecall+thr vs base+thr,stem_iou,184,-0.001113099148096731,-0.006801556837677321,0.0046576088975992785,0.501949160850959,1.0,False,False
random,upernet_convnext_t,skelrecall+thr vs base+thr,stem_cldice,184,0.004650523804738831,-0.0027920141512519504,0.012445076418909835,0.8207380299683444,1.0,False,False
random,upernet_convnext_t,skelrecall+thr vs base+thr,stem_skel_recall,164,0.0419496527723821,0.03289820366558262,0.05178837204828981,8.000648432354477e-17,8.000648432354477e-16,True,False
random,upernet_convnext_t,skelrecall+thr vs base+thr,stem_betti0_err,219,-0.6057838660578386,-1.0578386605783865,-0.20700152207001526,0.016942588478760942,0.16942588478760942,False,False
random,upernet_convnext_t,skelrecall+thr vs base+thr,head_iou,155,-0.0047157497895135075,-0.006613842834811636,-0.0029335955319792738,1.0169314223874089e-07,8.135451379099271e-07,False,True
random,upernet_convnext_t,skelrecall+thr vs base+thr,leaf_iou,218,-0.0033308366364241298,-0.004705510477154362,-0.0019925771818289336,3.98382516462899e-08,1.593530065851596e-07,False,True
random,upernet_convnext_t,skelrecall+thr vs base+thr,background_iou,219,-0.005119086100370456,-0.007511186681882623,-0.0027554718137910144,1.5103492714129304e-05,9.062095628477582e-05,False,True
region,deeplabv3plus_r101,base+thr vs base,stem_iou,97,0.006708076051306152,-0.009817900879578062,0.022644203408407306,0.12692525417858785,0.8884767792501149,False,False
region,deeplabv3plus_r101,base+thr vs base,stem_cldice,97,0.00040980671634143314,-0.023212613906115932,0.023873956254603916,0.5018450486220876,1.0,False,False
region,deeplabv3plus_r101,base+thr vs base,stem_skel_recall,61,0.33070693220147124,0.2976633920165025,0.3632884028501475,1.1111647363502784e-11,2.2223294727005567e-10,True,False
region,deeplabv3plus_r101,base+thr vs base,stem_betti0_err,110,52.18787878787878,45.87871212121212,59.312651515151515,1.0597089421373509e-19,1.74904346307778e-18,False,True
region,deeplabv3plus_r101,base+thr vs base,head_iou,76,-0.004414268808124439,-0.006307573758411283,-0.002717406328128924,3.6788466701129844e-06,6.254039339192073e-05,False,True
region,deeplabv3plus_r101,base+thr vs base,leaf_iou,110,-0.039434556258810045,-0.052146780116984856,-0.02812496269686594,3.2801479017609293e-12,5.57625143299358e-11,False,True
region,deeplabv3plus_r101,base+thr vs base,background_iou,110,-0.01070613587962749,-0.013626113091000511,-0.007841021154404782,9.460200205601711e-13,1.702836037008308e-11,False,True
region,deeplabv3plus_r101,cldice vs base+thr,stem_iou,81,0.017637754121825708,0.0013867803637142317,0.035342422216734774,0.14382484948475913,0.8884767792501149,False,False
region,deeplabv3plus_r101,cldice vs base+thr,stem_cldice,81,0.05065995626469683,0.02306681528609471,0.07997570544887678,0.007621319887567797,0.04038656517329406,True,False
region,deeplabv3plus_r101,cldice vs base+thr,stem_skel_recall,61,-0.2519426831714238,-0.2831874644908718,-0.2231613825037173,1.1111647363502784e-11,2.2223294727005567e-10,False,True
region,deeplabv3plus_r101,cldice vs base+thr,stem_betti0_err,110,-52.330303030303035,-59.64575757575759,-45.812045454545455,1.1347297373370103e-19,1.74904346307778e-18,True,False
region,deeplabv3plus_r101,cldice vs base+thr,head_iou,69,-0.009140949920418591,-0.014798806394118768,-0.0037067656501027246,0.0005787254970199937,0.007523431461259918,False,True
region,deeplabv3plus_r101,cldice vs base+thr,leaf_iou,110,0.035697400753993073,0.027264108633661188,0.04527651401146072,4.6727198209363905e-14,8.878167659779142e-13,True,False
region,deeplabv3plus_r101,cldice vs base+thr,background_iou,110,-0.0045328074529713,-0.012503323181301634,0.0035116385842160367,0.05688414583901538,0.45507316671212306,False,False
region,deeplabv3plus_r101,cldice+thr vs base+thr,stem_iou,110,-0.024949563545414003,-0.03231172833813606,-0.017893293731227177,1.0490161080179704e-09,2.0980322160359407e-08,False,True
region,deeplabv3plus_r101,cldice+thr vs base+thr,stem_cldice,110,-0.01772017314989271,-0.02618693779677457,-0.010272227054265845,5.503915368556443e-05,0.0005503915368556443,False,True
region,deeplabv3plus_r101,cldice+thr vs base+thr,stem_skel_recall,61,0.09528482785156797,0.06457615428276682,0.12282938822216274,3.88248659748325e-07,2.32949195848995e-06,True,False
region,deeplabv3plus_r101,cldice+thr vs base+thr,stem_betti0_err,110,-35.74242424242424,-41.9071212121212,-30.05712121212122,9.116446470200904e-18,4.6741978449450205e-17,True,False
region,deeplabv3plus_r101,cldice+thr vs base+thr,head_iou,69,-0.025827632138690847,-0.03373425623584581,-0.01838702684706059,2.741966763304473e-07,5.483933526608946e-06,False,True
region,deeplabv3plus_r101,cldice+thr vs base+thr,leaf_iou,110,-0.06891788523049214,-0.08678786380494913,-0.05278850614800323,1.2003099263731613e-12,2.1605578674716905e-11,False,True
region,deeplabv3plus_r101,cldice+thr vs base+thr,background_iou,110,-0.04194799752396565,-0.05496821027641117,-0.029394535811845514,1.2992157530420486e-09,1.818902054258868e-08,False,True
region,deeplabv3plus_r101,skelrecall vs base+thr,stem_iou,101,0.02593592642382371,0.015959115308427092,0.03711403521986505,1.7165467659509204e-05,0.00027464748255214726,True,False
region,deeplabv3plus_r101,skelrecall vs base+thr,stem_cldice,101,0.05048228297101862,0.034367041551313336,0.06779675177437275,1.1299473452145687e-07,1.887128608260293e-06,True,False
region,deeplabv3plus_r101,skelrecall vs base+thr,stem_skel_recall,61,-0.16549454550819434,-0.19370838315399358,-0.1385668086545938,2.571889215543042e-11,3.3434559802059545e-10,False,True
region,deeplabv3plus_r101,skelrecall vs base+thr,stem_betti0_err,110,-50.54848484848485,-57.3319696969697,-44.654166666666676,9.494730008361439e-20,1.74904346307778e-18,True,False
region,deeplabv3plus_r101,skelrecall vs base+thr,head_iou,70,-0.009824779777682991,-0.01649114229567041,-0.003579181599503012,0.002322092669991043,0.018576741359928345,False,True
region,deeplabv3plus_r101,skelrecall vs base+thr,leaf_iou,110,0.03557955338111923,0.026783883118096718,0.045631801421149344,2.3983669920489155e-14,4.796733984097831e-13,True,False
region,deeplabv3plus_r101,skelrecall vs base+thr,background_iou,110,0.007411697248767154,-0.0013965390996311916,0.016212345766588334,0.21750788112232144,0.8858571473882639,False,False
region,deeplabv3plus_r101,skelrecall+thr vs base+thr,stem_iou,110,0.0046117882401608065,0.0016057011174566145,0.0079654184165756,0.0012437268025012693,0.0161684484325165,True,False
region,deeplabv3plus_r101,skelrecall+thr vs base+thr,stem_cldice,110,0.015501601332451384,0.00969756583298189,0.02171711332127143,8.488274699368066e-07,1.1883584579115293e-05,True,False
region,deeplabv3plus_r101,skelrecall+thr vs base+thr,stem_skel_recall,61,0.03890852416932989,0.018196762448130527,0.05847574636821592,1.015644544401827e-05,4.062578177607308e-05,True,False
region,deeplabv3plus_r101,skelrecall+thr vs base+thr,stem_betti0_err,110,-26.587878787878786,-32.26454545454545,-21.37871212121213,1.1501418828046444e-14,3.450425648413933e-14,True,False
region,deeplabv3plus_r101,skelrecall+thr vs base+thr,head_iou,70,-0.016811107175276684,-0.023806443912420403,-0.010656840948995754,3.350817203866252e-06,6.031470966959254e-05,False,True
region,deeplabv3plus_r101,skelrecall+thr vs base+thr,leaf_iou,110,0.0006120772023330339,-0.004792539430483223,0.006020137937109155,0.5223651672631469,1.0,False,False
region,deeplabv3plus_r101,skelrecall+thr vs base+thr,background_iou,110,-0.000967318578696867,-0.009292003538380056,0.007371809864868692,0.3331657081518008,0.8858571473882639,False,False
region,segformer_b1,base+thr vs base,stem_iou,85,0.03969817394175468,0.023003900440605397,0.05684947688929987,3.0559773828632035e-05,0.00045839660742948054,True,False
region,segformer_b1,base+thr vs base,stem_cldice,85,0.06468511829936306,0.0401064567178565,0.090585684255058,8.775136875415441e-06,0.00011407677938040074,True,False
region,segformer_b1,base+thr vs base,stem_skel_recall,61,0.29534661589222944,0.259544610636651,0.3290572771744191,5.143753751233157e-11,6.172504501479788e-10,True,False
region,segformer_b1,base+thr vs base,stem_betti0_err,110,26.681818181818176,22.072424242424233,32.26113636363637,6.961256296683188e-18,4.6741978449450205e-17,False,True
region,segformer_b1,base+thr vs base,head_iou,68,-0.0016459686624171956,-0.002867478316813531,-0.0003662542997120307,0.0016226988424585939,0.016704796470435355,False,True
region,segformer_b1,base+thr vs base,leaf_iou,110,-0.01867266434179774,-0.02591719937787573,-0.0125672374028054,3.5979206563729526e-10,5.3968809845594285e-09,False,True
region,segformer_b1,base+thr vs base,background_iou,110,-0.007016306948821204,-0.009509868849469498,-0.004852098143340516,4.20717150423943e-12,7.152191557207031e-11,False,True
region,segformer_b1,cldice vs base+thr,stem_iou,77,0.0018365548182168237,-0.012111685268852904,0.015406295248773821,0.6730556991608423,1.0,False,False
region,segformer_b1,cldice vs base+thr,stem_cldice,77,0.01127431748188039,-0.013659100002714319,0.03653778950793101,0.3843002480749851,1.0,False,False
region,segformer_b1,cldice vs base+thr,stem_skel_recall,61,-0.17765456005197378,-0.2120256051443219,-0.14517908419833342,6.034571117940267e-11,6.638028229734294e-10,False,True
region,segformer_b1,cldice vs base+thr,stem_betti0_err,110,-27.636363636363633,-33.724848484848486,-22.513712121212127,6.677425492778601e-18,4.6741978449450205e-17,True,False
region,segformer_b1,cldice vs base+thr,head_iou,67,-0.007435599596938079,-0.012819985512394372,-0.0021453022641879653,0.001677165550177563,0.016704796470435355,False,True
region,segformer_b1,cldice vs base+thr,leaf_iou,110,0.011649208743229018,0.006233793669523819,0.017936193512513444,0.0011941599546702179,0.0059707997733510895,True,False
region,segformer_b1,cldice vs base+thr,background_iou,110,-0.021468257503496103,-0.03030364525732786,-0.012343544096415096,6.2811766408742685e-06,8.16552963313655e-05,False,True
region,segformer_b1,cldice+thr vs base+thr,stem_iou,90,-0.014206597871955886,-0.022511886007114873,-0.005850153523164369,1.1543283043283484e-05,0.00019623581173581922,False,True
region,segformer_b1,cldice+thr vs base+thr,stem_cldice,90,0.019201368799148577,0.004016075683240783,0.0338347445378281,0.006503874988731878,0.04038656517329406,True,False
region,segformer_b1,cldice+thr vs base+thr,stem_skel_recall,61,-0.0074122824310943365,-0.04576240637511577,0.02750913760269244,0.6650047146854436,0.6650047146854436,False,False
region,segformer_b1,cldice+thr vs base+thr,stem_betti0_err,110,-26.842424242424244,-32.18545454545455,-22.208712121212127,4.7729950187001366e-18,3.818396014960109e-17,True,False
region,segformer_b1,cldice+thr vs base+thr,head_iou,67,-0.008423004345706548,-0.013583941049433595,-0.0029976224957301346,0.0007677489957675068,0.009212987949210081,False,True
region,segformer_b1,cldice+thr vs base+thr,leaf_iou,110,-0.011715191579756881,-0.01790506920085401,-0.005495295953090403,1.70898891155013e-06,1.5380900203951172e-05,False,True
region,segformer_b1,cldice+thr vs base+thr,background_iou,110,-0.03200241690839137,-0.04093210516972279,-0.022893490401570824,7.007900665317981e-10,1.121264106450877e-08,False,True
region,segformer_b1,skelrecall vs base+thr,stem_iou,96,0.010874294228230335,0.004124142740337358,0.017689966977046327,0.0030827433042271415,0.036992919650725695,True,False
region,segformer_b1,skelrecall vs base+thr,stem_cldice,96,0.019924992322591182,0.009691720257890597,0.030110764658338923,0.00027794572199057684,0.0025015114979151914,True,False
region,segformer_b1,skelrecall vs base+thr,stem_skel_recall,61,-0.08129921359934608,-0.11023675436626622,-0.05472908121919714,8.249900712299874e-08,5.774930498609912e-07,False,True
region,segformer_b1,skelrecall vs base+thr,stem_betti0_err,110,-24.551515151515147,-29.909166666666668,-19.999924242424246,2.532016611917496e-18,2.2788149507257464e-17,True,False
region,segformer_b1,skelrecall vs base+thr,head_iou,64,-0.009089798830114973,-0.015482374810780486,-0.003404949659286038,0.0015186178609486686,0.016704796470435355,False,True
region,segformer_b1,skelrecall vs base+thr,leaf_iou,110,0.014302151101267955,0.008945231719716137,0.020579889170684127,8.314551888662069e-05,0.0005820186322063448,True,False
region,segformer_b1,skelrecall vs base+thr,background_iou,110,-0.0018866867707065652,-0.010553591986743209,0.007005662043421192,0.5618756525138655,0.8858571473882639,False,False
region,segformer_b1,skelrecall+thr vs base+thr,stem_iou,105,-0.01050516729926573,-0.017230053115898914,-0.004262316839069752,0.0035025799036320143,0.03852837893995216,False,True
region,segformer_b1,skelrecall+thr vs base+thr,stem_cldice,105,-0.003912532758686044,-0.012650571007567208,0.004766050239155009,0.3268645922482425,1.0,False,False
region,segformer_b1,skelrecall+thr vs base+thr,stem_skel_recall,61,0.12449625504240927,0.09822111224677517,0.15062000818543173,5.315021416409558e-10,4.783519274768602e-09,True,False
region,segformer_b1,skelrecall+thr vs base+thr,stem_betti0_err,110,-8.215151515151513,-11.903484848484847,-5.033030303030306,0.0007490054744744514,0.0007490054744744514,True,False
region,segformer_b1,skelrecall+thr vs base+thr,head_iou,64,-0.0164836849363328,-0.022639966783910784,-0.010794854038516755,1.0115116071269478e-06,1.921872053541201e-05,False,True
region,segformer_b1,skelrecall+thr vs base+thr,leaf_iou,110,-0.013752073363652103,-0.020089347814187,-0.007479101291361665,1.5232989849041823e-08,1.980288680375437e-07,False,True
region,segformer_b1,skelrecall+thr vs base+thr,background_iou,110,-0.009213589182740428,-0.017308000624807654,-0.0008114541858393214,0.011390546331152402,0.10251491698037161,False,False
region,segformer_b2,base+thr vs base,stem_iou,88,-0.012348949089483726,-0.031300836273408364,0.006557195732700402,0.526669740896324,1.0,False,False
region,segformer_b2,base+thr vs base,stem_cldice,88,-0.013727189812633222,-0.038615883796970535,0.011826782108034402,0.4265826005770048,1.0,False,False
region,segformer_b2,base+thr vs base,stem_skel_recall,61,0.34034845031998273,0.30359902855346776,0.3781776109455634,1.629555794311934e-11,2.933200429761481e-10,True,False
region,segformer_b2,base+thr vs base,stem_betti0_err,110,43.557575757575755,36.74212121212121,51.25401515151511,3.4460518786086934e-19,3.603435492729063e-18,False,True
region,segformer_b2,base+thr vs base,head_iou,59,-0.003853122378745321,-0.005803307613177026,-0.0019430095876325777,0.0002683158388853629,0.0037564217443950805,False,True
region,segformer_b2,base+thr vs base,leaf_iou,110,-0.03712176053608098,-0.05130840615743792,-0.02474381755126436,4.422861276710366e-11,7.076578042736586e-10,False,True
region,segformer_b2,base+thr vs base,background_iou,110,-0.015931721783788096,-0.02048182100002617,-0.012134805942312055,8.81879025631141e-17,1.763758051262282e-15,False,True
region,segformer_b2,cldice vs base+thr,stem_iou,84,0.03851735485716743,0.02237277987746808,0.056797701840363014,0.00012917114649942191,0.0018083960509919068,True,False
region,segformer_b2,cldice vs base+thr,stem_cldice,84,0.07040601014394723,0.04405526899327053,0.09939813252036972,1.8318937135701695e-05,0.00020150830849271863,True,False
region,segformer_b2,cldice vs base+thr,stem_skel_recall,61,-0.23451728679508427,-0.26582739607314376,-0.2044804888624038,1.629555794311934e-11,2.933200429761481e-10,False,True
region,segformer_b2,cldice vs base+thr,stem_betti0_err,110,-44.93636363636364,-53.212348484848484,-37.70818181818182,3.1731178224690503e-19,3.603435492729063e-18,True,False
region,segformer_b2,cldice vs base+thr,head_iou,59,-0.0038734809735073527,-0.008440840019612995,0.00029747803466301784,0.11899531368679399,0.5506405124356644,False,False
region,segformer_b2,cldice vs base+thr,leaf_iou,110,0.024342562995812334,0.01237631384649745,0.03710237853344851,0.00024281354895985832,0.00145688129375915,True,False
region,segformer_b2,cldice vs base+thr,background_iou,110,-0.01893830785167698,-0.028603255199882917,-0.008610289874299471,0.00038026681317574883,0.004182934944933237,False,True
region,segformer_b2,cldice+thr vs base+thr,stem_iou,91,-0.001375333995326292,-0.007242911085961291,0.00508734607308167,0.2477745633120919,0.9910982532483676,False,False
region,segformer_b2,cldice+thr vs base+thr,stem_cldice,91,0.05501967596677689,0.038229067457910604,0.07285911693838446,1.1100756519178194e-07,1.887128608260293e-06,True,False
region,segformer_b2,cldice+thr vs base+thr,stem_skel_recall,61,-0.0838365895043066,-0.1136484936624305,-0.0574492729274592,6.594295010534827e-09,5.275436008427861e-08,False,True
region,segformer_b2,cldice+thr vs base+thr,stem_betti0_err,110,-42.5030303030303,-49.907121212121204,-35.94765151515153,3.0028629106075523e-19,3.603435492729063e-18,True,False
region,segformer_b2,cldice+thr vs base+thr,head_iou,59,-0.006688554480624161,-0.011323894962622264,-0.0022086258346986688,0.005680697348546545,0.03976488143982582,False,True
region,segformer_b2,cldice+thr vs base+thr,leaf_iou,110,-0.003947716528831704,-0.009496997199720289,0.0013885286751060258,0.02057150337103992,0.06171451011311976,False,False
region,segformer_b2,cldice+thr vs base+thr,background_iou,110,-0.03465161854239988,-0.04481347135809272,-0.02447761749523408,7.277010391123458e-10,1.121264106450877e-08,False,True
region,segformer_b2,skelrecall vs base+thr,stem_iou,95,0.04795053277265355,0.0330548705552381,0.06410154040941693,4.699799520959297e-08,8.929619089822665e-07,True,False
region,segformer_b2,skelrecall vs base+thr,stem_cldice,95,0.07174860509318864,0.0509959569978337,0.09360520896338802,6.039281257658087e-09,1.1474634389550365e-07,True,False
region,segformer_b2,skelrecall vs base+thr,stem_skel_recall,61,-0.14948783529954285,-0.17444354922380895,-0.12434538073774129,1.1276582719676042e-10,1.1276582719676041e-09,False,True
region,segformer_b2,skelrecall vs base+thr,stem_betti0_err,110,-43.1,-50.39090909090908,-36.64840909090909,1.8815384469847455e-19,2.445999981080169e-18,True,False
region,segformer_b2,skelrecall vs base+thr,head_iou,59,-0.001693750795401265,-0.006690782895390655,0.00281400446382808,0.37189558283448554,0.7437911656689711,False,False
region,segformer_b2,skelrecall vs base+thr,leaf_iou,110,0.0255642093916697,0.014207792113062697,0.03775563339611327,8.543708902365857e-06,6.834967121892685e-05,True,False
region,segformer_b2,skelrecall vs base+thr,background_iou,110,0.008124461372659337,0.0007069681679928701,0.016212298938152025,0.1632492818017519,0.8858571473882639,False,False
region,segformer_b2,skelrecall+thr vs base+thr,stem_iou,107,0.005923868954941638,0.0017013328370396811,0.010614400690394432,0.003928028785233512,0.039280287852335116,True,False
region,segformer_b2,skelrecall+thr vs base+thr,stem_cldice,107,0.022833963886713233,0.01600057552778252,0.030015671214650885,5.1211164299123604e-09,1.0242232859824721e-07,True,False
region,segformer_b2,skelrecall+thr vs base+thr,stem_skel_recall,61,0.03159536933907245,0.007168097736465181,0.05752943439387795,0.10684597490445047,0.21369194980890094,False,False
region,segformer_b2,skelrecall+thr vs base+thr,stem_betti0_err,110,-24.409090909090907,-29.503409090909088,-19.990681818181823,4.6479021171743966e-17,1.8591608468697586e-16,True,False
region,segformer_b2,skelrecall+thr vs base+thr,head_iou,59,-0.010956604334523185,-0.015606059316944854,-0.006828506307002975,1.6311513055137955e-05,0.0002609842088822073,False,True
region,segformer_b2,skelrecall+thr vs base+thr,leaf_iou,110,-0.005920134917520765,-0.011792691691096457,-0.0005691002867083351,0.00784375551750991,0.03137502207003964,False,True
region,segformer_b2,skelrecall+thr vs base+thr,background_iou,110,-0.0020356434370601417,-0.008963174013893438,0.005552252505290279,0.147642857898044,0.8858571473882639,False,False
region,upernet_convnext_t,base+thr vs base,stem_iou,92,-0.006651724552491467,-0.02311932137407147,0.008798845239812583,0.8603112230996861,1.0,False,False
region,upernet_convnext_t,base+thr vs base,stem_cldice,92,-0.03849353878835479,-0.06310605231173677,-0.015506440908440803,0.00576950931047058,0.04038656517329406,False,True
region,upernet_convnext_t,base+thr vs base,stem_skel_recall,61,0.33141239200553557,0.2996713375259187,0.3626787851310598,1.629555794311934e-11,2.933200429761481e-10,True,False
region,upernet_convnext_t,base+thr vs base,stem_betti0_err,110,100.78181818181818,90.402803030303,112.45386363636362,8.989992388996752e-20,1.74904346307778e-18,False,True
region,upernet_convnext_t,base+thr vs base,head_iou,73,-0.005306354775910633,-0.007959388650995141,-0.0028223104307751362,4.348016375331446e-05,0.0006522024562997169,False,True
region,upernet_convnext_t,base+thr vs base,leaf_iou,110,-0.028737171563428632,-0.040889558795458136,-0.017697276299342733,5.563214830531497e-07,5.563214830531497e-06,False,True
region,upernet_convnext_t,base+thr vs base,background_iou,110,-0.01991530642642614,-0.024966494153361444,-0.015479571802931353,6.447644141166779e-16,1.225052386821688e-14,False,True
region,upernet_convnext_t,cldice vs base+thr,stem_iou,87,0.021196554166871714,0.0035812050232836455,0.03937259616318389,0.1342349380159209,0.8884767792501149,False,False
region,upernet_convnext_t,cldice vs base+thr,stem_cldice,87,0.05983806545963158,0.03261481240402921,0.08809152438451848,0.0005114695386415889,0.004091756309132711,True,False
region,upernet_convnext_t,cldice vs base+thr,stem_skel_recall,61,-0.2987198154059267,-0.33553611691056245,-0.26246769760816074,1.629555794311934e-11,2.933200429761481e-10,False,True
region,upernet_convnext_t,cldice vs base+thr,stem_betti0_err,110,-102.44848484848485,-114.60068181818181,-91.63598484848484,8.98873617349507e-20,1.74904346307778e-18,True,False
region,upernet_convnext_t,cldice vs base+thr,head_iou,71,0.005021224803446439,-0.0011886359677630847,0.011450734473172557,0.11012810248713288,0.5506405124356644,False,False
region,upernet_convnext_t,cldice vs base+thr,leaf_iou,110,0.034608497760875136,0.025133466690800254,0.04552398239697619,5.692594373222568e-10,7.969632122511594e-09,True,False
region,upernet_convnext_t,cldice vs base+thr,background_iou,110,0.012708178361600753,0.0019528410382780668,0.02429110858917576,0.05766508420913155,0.45507316671212306,False,False
region,upernet_convnext_t,cldice+thr vs base+thr,stem_iou,110,-0.0033105390164188614,-0.006905670243746637,7.659220574574278e-05,0.09634996017007703,0.7707996813606163,False,False
region,upernet_convnext_t,cldice+thr vs base+thr,stem_cldice,110,0.028765095340869205,0.020338782776190403,0.03779311262076539,1.1617768566885466e-08,2.091198342039384e-07,True,False
region,upernet_convnext_t,cldice+thr vs base+thr,stem_skel_recall,61,-0.04558723434842874,-0.08512948488357368,-0.013339457056852137,0.00753418229765185,0.02260254689295555,False,True
region,upernet_convnext_t,cldice+thr vs base+thr,stem_betti0_err,110,-85.48181818181817,-95.83454545454546,-76.22621212121213,8.745217315388898e-20,1.74904346307778e-18,True,False
region,upernet_convnext_t,cldice+thr vs base+thr,head_iou,71,0.0015138545794127947,-0.00397858861299143,0.0070940342314852875,0.6465711850099514,0.7437911656689711,False,False
region,upernet_convnext_t,cldice+thr vs base+thr,leaf_iou,110,0.0006208917486908176,-0.0031837662323708806,0.004344208994255531,0.8357989984875777,1.0,False,False
region,upernet_convnext_t,cldice+thr vs base+thr,background_iou,110,-0.004202403946176734,-0.01373904505281684,0.005548591406987578,0.20127886888006974,0.8858571473882639,False,False
region,upernet_convnext_t,skelrecall vs base+thr,stem_iou,93,0.02822868511956406,0.010187970310815803,0.04841312381861763,0.007621319887567797,0.06859187898811017,False,False
region,upernet_convnext_t,skelrecall vs base+thr,stem_cldice,93,0.06625231399576287,0.04026538026458521,0.09559561996768218,9.349953985077153e-06,0.00011407677938040074,True,False
region,upernet_convnext_t,skelrecall vs base+thr,stem_skel_recall,61,-0.26213980411135357,-0.29299913337068434,-0.23088832805827933,1.629555794311934e-11,2.933200429761481e-10,False,True
region,upernet_convnext_t,skelrecall vs base+thr,stem_betti0_err,110,-101.10000000000002,-112.8728787878788,-90.74825757575756,8.987480125200317e-20,1.74904346307778e-18,True,False
region,upernet_convnext_t,skelrecall vs base+thr,head_iou,69,0.006780000183408888,0.002428739337567889,0.011562695953609925,0.007604765791502592,0.04562859474901555,True,False
region,upernet_convnext_t,skelrecall vs base+thr,leaf_iou,110,0.030805430403221527,0.02065617437644572,0.04224162405418813,5.2040858020493125e-08,5.724494382254244e-07,True,False
region,upernet_convnext_t,skelrecall vs base+thr,background_iou,110,0.02081405282329313,0.013158403756409144,0.029339482943007967,1.6478537577417057e-05,0.00019774245092900469,True,False
region,upernet_convnext_t,skelrecall+thr vs base+thr,stem_iou,110,0.014637884969246416,0.009549657119309182,0.020220406478019697,1.1368933009753073e-06,2.0464079417555532e-05,True,False
region,upernet_convnext_t,skelrecall+thr vs base+thr,stem_cldice,110,0.021656486083697538,0.014172970521214372,0.029865030247658804,5.776948787123895e-07,8.665423180685842e-06,True,False
region,upernet_convnext_t,skelrecall+thr vs base+thr,stem_skel_recall,61,-0.06946972561763382,-0.1055055875188978,-0.039042853855520254,3.917252236535844e-06,1.958626118267922e-05,False,True
region,upernet_convnext_t,skelrecall+thr vs base+thr,stem_betti0_err,110,-23.1,-30.558333333333334,-16.167121212121227,6.441040118896187e-07,1.2882080237792375e-06,True,False
region,upernet_convnext_t,skelrecall+thr vs base+thr,head_iou,69,0.0035753197904154683,-0.0002429544807082091,0.007757287783878581,0.12841263682125154,0.5506405124356644,False,False
region,upernet_convnext_t,skelrecall+thr vs base+thr,leaf_iou,110,0.016963762422016488,0.011416771899696278,0.022905767721692127,1.69041154704256e-08,2.028493856451072e-07,True,False
region,upernet_convnext_t,skelrecall+thr vs base+thr,background_iou,110,0.009713826012045266,0.003123065775391919,0.016721423518629867,0.006740063878231371,0.0674006387823137,False,False
