split,scale,bb,loss,prec,rec,ratio,cc,ccgt
random,scale1.0,deeplabv3plus_r101,base,68.47,57.54,0.84,13.8,12.48
random,scale1.0,deeplabv3plus_r101,cldice,56.57,65.76,1.16,7.22,12.48
random,scale1.0,deeplabv3plus_r101,skelrecall,52.55,71.52,1.36,15.87,12.48
random,scale1.0,segformer_b1,base,68.0,59.85,0.88,18.22,12.48
random,scale1.0,segformer_b1,cldice,59.73,64.65,1.08,9.99,12.48
random,scale1.0,segformer_b1,skelrecall,49.94,75.07,1.5,24.61,12.48
random,scale1.0,segformer_b2,base,69.21,65.15,0.94,16.2,12.48
random,scale1.0,segformer_b2,cldice,60.9,69.79,1.15,9.17,12.48
random,scale1.0,segformer_b2,skelrecall,55.13,76.53,1.39,17.71,12.48
random,scale1.0,upernet_convnext_t,base,73.4,62.75,0.85,13.81,12.48
random,scale1.0,upernet_convnext_t,cldice,69.35,65.38,0.94,10.49,12.48
random,scale1.0,upernet_convnext_t,skelrecall,66.06,68.62,1.04,14.72,12.48
random,scale2.0,deeplabv3plus_r101,base,68.95,62.01,0.9,14.67,12.48
random,scale2.0,deeplabv3plus_r101,cldice,50.72,68.16,1.34,10.31,12.48
random,scale2.0,deeplabv3plus_r101,skelrecall,48.57,79.79,1.64,26.09,12.48
random,scale2.0,segformer_b1,base,68.19,63.54,0.93,20.71,12.48
random,scale2.0,segformer_b1,cldice,51.63,67.28,1.3,11.74,12.48
random,scale2.0,segformer_b1,skelrecall,47.5,79.12,1.67,39.09,12.48
region,scale1.0,deeplabv3plus_r101,base,57.35,20.1,0.35,11.35,10.55
region,scale1.0,deeplabv3plus_r101,cldice,44.44,35.35,0.8,5.08,10.55
region,scale1.0,deeplabv3plus_r101,skelrecall,42.03,38.69,0.92,16.51,10.55
region,scale1.0,segformer_b1,base,60.36,19.58,0.33,10.18,10.55
region,scale1.0,segformer_b1,cldice,49.9,37.05,0.74,6.15,10.55
region,scale1.0,segformer_b1,skelrecall,43.71,42.91,0.98,18.23,10.55
region,scale1.0,segformer_b2,base,60.89,31.93,0.53,12.53,10.55
region,scale1.0,segformer_b2,cldice,47.43,48.5,1.02,7.0,10.55
region,scale1.0,segformer_b2,skelrecall,45.83,53.19,1.16,16.07,10.55
region,scale1.0,upernet_convnext_t,base,56.33,26.06,0.46,12.65,10.55
region,scale1.0,upernet_convnext_t,cldice,59.07,32.27,0.55,7.55,10.55
region,scale1.0,upernet_convnext_t,skelrecall,51.99,33.24,0.64,13.79,10.55
