backbone,loss,iou_stem,boundary2px_iou_stem,cldice_stem,skel_recall_stem,betti0_err_stem_mean,iou_head,iou_leaf,iou_background,miou
deeplabv3plus_r101,base,45.48 ± 0.64,17.52 ± 0.14,62.73 ± 0.38,56.72 ± 0.83,6.11 ± 0.29,83.94 ± 0.17,82.35 ± 0.06,82.64 ± 0.11,73.6 ± 0.19
deeplabv3plus_r101,cldice,43.69 ± 0.52,13.84 ± 0.38,67.45 ± 0.26,64.91 ± 0.67,5.79 ± 0.09,83.01 ± 0.13,81.11 ± 0.17,81.64 ± 0.08,72.36 ± 0.18
deeplabv3plus_r101,skelrecall,43.45 ± 0.32,14.54 ± 0.22,61.47 ± 0.53,72.83 ± 0.38,6.48 ± 0.33,82.91 ± 0.14,80.89 ± 0.13,82.01 ± 0.11,72.32 ± 0.12
segformer_b1,base,46.7 ± 0.75,17.71 ± 0.2,65.18 ± 0.46,60.46 ± 0.42,8.2 ± 0.15,84.06 ± 0.09,83.04 ± 0.11,83.57 ± 0.12,74.34 ± 0.26
segformer_b1,cldice,45.02 ± 0.33,15.15 ± 0.1,68.53 ± 0.2,66.27 ± 0.57,4.52 ± 0.07,83.05 ± 0.08,82.09 ± 0.04,82.7 ± 0.1,73.22 ± 0.13
segformer_b1,skelrecall,42.82 ± 0.63,14.05 ± 0.53,60.71 ± 0.93,79.05 ± 1.25,12.95 ± 1.09,82.92 ± 0.14,81.31 ± 0.19,83.11 ± 0.1,72.54 ± 0.2
segformer_b2,base,50.51 ± 0.23,19.79 ± 0.19,68.15 ± 0.15,64.49 ± 0.41,6.6 ± 0.13,85.02 ± 0.03,83.48 ± 0.11,83.73 ± 0.14,75.69 ± 0.08
segformer_b2,cldice,48.2 ± 0.38,17.43 ± 0.26,71.27 ± 0.17,69.8 ± 0.51,4.64 ± 0.07,84.51 ± 0.06,82.66 ± 0.05,83.05 ± 0.06,74.6 ± 0.08
segformer_b2,skelrecall,47.16 ± 0.27,16.5 ± 0.18,65.94 ± 0.16,79.18 ± 0.29,7.07 ± 0.22,84.37 ± 0.08,82.29 ± 0.01,83.37 ± 0.07,74.3 ± 0.07
upernet_convnext_t,base,51.12 ± 0.41,23.31 ± 0.07,69.14 ± 0.23,63.61 ± 0.35,5.11 ± 0.05,85.47 ± 0.0,84.03 ± 0.06,84.33 ± 0.07,76.24 ± 0.13
upernet_convnext_t,cldice,50.72 ± 0.25,22.28 ± 0.21,71.21 ± 0.28,65.92 ± 0.59,4.14 ± 0.06,85.09 ± 0.04,83.64 ± 0.1,84.02 ± 0.08,75.87 ± 0.11
upernet_convnext_t,skelrecall,50.73 ± 0.14,21.95 ± 0.15,69.13 ± 0.11,71.3 ± 0.12,4.96 ± 0.22,85.07 ± 0.09,83.59 ± 0.04,84.14 ± 0.05,75.88 ± 0.03
