name,inter_background,union_background,inter_head,union_head,inter_stem,union_stem,inter_leaf,union_leaf,gt_stem_px,pred_stem_px,skel_pred_px,skel_gt_px,skel_pred_in_gt,skel_gt_in_pred,stem_skel_recall,stem_cldice,stem_cc_pred,stem_cc_gt,stem_betti0_err,inter_stem_boundary,union_stem_boundary,inter_stem_boundary2px,union_stem_boundary2px,metrics_version
UQ_new_01e450c12030987c6575c6ff23a6200edb7893d4.png,147379,164253,0,0,17,1051,96858,114730,719,349,38,76,0,0,0.0,0.0,4,3,1,17,1051,17,688,2
UQ_new_03aa76b65d01a3b27a0d05ce1048490f784f062d.png,11900,44820,0,11,0,173,217140,250244,0,173,29,0,0,0,,0.0,1,0,1,0,173,0,161,2
UQ_new_04ab812fa5645d0ec65a5b893dd55cc689dc525e.png,195251,208090,0,0,0,5,54054,66888,0,5,3,0,0,0,,0.0,1,0,1,0,5,0,5,2
UQ_new_07fcdb7a459f1bbe8e4525123f27c4f3ee3648e1.png,39896,56307,0,0,0,0,205837,222248,0,0,0,0,0,0,,,0,0,0,0,0,0,0,2
UQ_new_08ed4d3c26c030d6377e67972a31bc5c26cbf536.png,10363,30754,20788,36766,1838,7455,190979,225345,7102,2191,175,732,175,194,0.2650273224043716,0.4190064794816415,4,16,12,1838,7455,497,4681,2
UQ_new_09ad200a35340566fd65aa7cc175728a04406833.png,5360,15273,36506,49843,5336,10349,187407,214214,7793,7892,598,672,442,458,0.6815476190476191,0.7091720557427816,8,7,1,5336,10349,961,5604,2
UQ_new_0b030652d71142b726dea3f0af8ea262db6a6d2b.png,6888,22654,29186,42799,1601,9657,187351,224152,9023,2235,253,986,181,199,0.20182555780933062,0.314833510333766,15,23,8,1601,9657,581,6486,2
UQ_new_0b381714aa61ab300d35b2937acac76b0b826ca4.png,3215,15020,48514,67572,2841,18722,161597,206807,17808,3755,355,1798,246,245,0.13626251390433816,0.2277420585962519,13,28,15,2841,18722,946,13278,2
UQ_new_0bbe480d40d71d51cc3e22acf98df8839ca27cbf.png,13910,31768,0,0,0,0,230376,248234,0,0,0,0,0,0,,,0,0,0,0,0,0,0,2
UQ_new_0c4462b40a71cfaad30a22bc31724ed219aac69b.png,192883,224772,0,239,0,5408,37372,63614,0,5408,372,0,0,0,,0.0,9,0,9,0,5408,0,2168,2
UQ_new_0d3160cb9fcf58f26341f1a1e9d01786a0297b51.png,75287,89249,22931,27587,1662,16690,129902,160980,16077,2275,346,1913,274,208,0.10872974385781495,0.19120661600657574,16,12,4,1662,16690,457,10117,2
UQ_new_0d7467d41c01e6d557afc9c830aa3bc42ea5acaf.png,228429,242982,0,0,0,1243,18977,32657,0,1243,164,0,0,0,,0.0,8,0,8,0,1243,0,852,2
UQ_new_0da45844d75450d8d62ec9ee60fc6a059b9e8ed0.png,17741,41336,39848,51915,10771,34597,136137,191943,27398,17970,2459,3245,1617,1509,0.4650231124807396,0.544788695790795,81,43,38,10771,34597,3186,23655,2
UQ_new_0da63d14745c79f37397ad08fb63b512f18ac2ef.png,191807,218298,0,56,0,30,43846,70251,0,30,8,0,0,0,,0.0,1,0,1,0,30,0,30,2
UQ_new_0da864f94b71cb8de0c7f75ed22d0f4414917751.png,131607,143186,0,0,0,5,118953,130537,0,5,1,0,0,0,,0.0,1,0,1,0,5,0,5,2
UQ_new_0e552649d6c62e9420d77d86321f1e7e27102a22.png,173484,195154,0,507,0,99,66473,88571,0,99,16,0,0,0,,0.0,2,0,2,0,99,0,96,2
UQ_new_0ea570a8da2bb8c2de77c970eee5e11a159111aa.png,155140,191132,0,0,0,1039,70935,106042,0,1039,164,0,0,0,,0.0,10,0,10,0,1039,0,744,2
UQ_new_0f4c783905d162612e83d21883285ef2746b2fa8.png,4249,13027,42048,59124,656,19442,172264,213478,19366,732,62,1752,61,79,0.04509132420091324,0.08623065223226269,5,21,16,656,19442,215,11068,2
UQ_new_12a69eb51880f4ea6adaaad5d8487c37bf21cc7b.png,16564,34876,39416,57952,10305,33365,139164,192646,26472,17198,2186,3363,1459,1464,0.43532560214094557,0.5269512309297203,51,29,22,10305,33365,3192,23114,2
UQ_new_13f2f41f0c4776e6c082d2786ccacd8c9da0c0e3.png,14602,30044,21250,27837,1556,11820,193579,223600,11608,1768,217,1072,195,199,0.18563432835820895,0.3077038969483354,12,13,1,1556,11820,451,6948,2
UQ_new_146be7cb2e60aae4211ad143370f63a746bb3e10.png,7257,18994,11342,16445,1935,6398,220637,241280,5275,3058,204,427,144,164,0.3840749414519906,0.4974721941354904,5,3,2,1935,6398,396,3313,2
UQ_new_16e9410b2bbcfad6931cddda8da6c0dd50706b12.png,7393,20762,35809,49335,1033,16675,176713,216568,16117,1591,126,1741,100,109,0.06260769672601953,0.11605992525314907,4,15,11,1033,16675,383,11398,2
UQ_new_187c77b619e8b83cd779dbb6718a9b937d0cde01.png,204159,221590,0,0,0,0,40554,57985,0,0,0,0,0,0,,,0,0,0,0,0,0,0,2
UQ_new_18e6849a827505c911b455082cd0045aa90a8300.png,11240,27329,0,0,0,0,234815,250904,0,0,0,0,0,0,,,0,0,0,0,0,0,0,2
UQ_new_1946360c99307e3893940a8cdb21bdeea89a7106.png,6007,12168,33420,53682,316,4981,191573,222141,4380,917,87,390,33,36,0.09230769230769231,0.14848143982002251,3,14,11,316,4981,74,2711,2
UQ_new_1a0c04b9b77de7eeef96048167fbb1f650661428.png,9564,36265,0,0,0,0,225879,252580,0,0,0,0,0,0,,,0,0,0,0,0,0,0,2
UQ_new_1a6ea8f084703aecf16a0e381843cbd622b7e510.png,14800,31098,23596,31460,14871,41736,158973,207754,33456,23151,2838,4119,1881,1999,0.48531196892449624,0.560333614459905,77,43,34,14871,41736,4615,27474,2
UQ_new_1abed7308f2fb2eebf6bb317f0537eb84ce3a2b0.png,11908,38644,0,0,0,0,223500,250236,0,0,0,0,0,0,,,0,0,0,0,0,0,0,2
UQ_new_1b84fe928ca9a49bab3a06ffa509d9ef0d98e7df.png,49857,70502,0,0,0,0,191642,212287,0,0,0,0,0,0,,,0,0,0,0,0,0,0,2
UQ_new_1c95521cd8139d535f8c2968721f40d6aba0dea6.png,6727,23182,31467,45284,16933,57811,137691,205193,51313,23431,2824,6082,2277,2427,0.3990463663268662,0.5338739234303465,49,32,17,16933,57811,4680,35170,2
UQ_new_1d3932aceec079a07679b332dd7d3cd1c545d333.png,9327,37297,11837,26312,155,8408,190976,239976,8311,252,29,626,21,14,0.022364217252396165,0.04338842975206612,4,10,6,155,8408,43,4285,2
UQ_new_1e1ec0541fba5e643012e7b85f00f9bc7a9af863.png,6445,28644,0,0,0,0,233500,255699,0,0,0,0,0,0,,,0,0,0,0,0,0,0,2
UQ_new_21c2571896c3ecc6940cfaf390c95e186f9c7856.png,57439,84535,39161,52764,972,18206,109916,161295,16711,2467,312,2079,120,119,0.05723905723905724,0.0996483001172333,11,18,7,972,18206,448,11663,2
UQ_new_2346b905d4073f707de79e00193ebb29054e4381.png,13516,25235,6649,8877,1018,3679,224415,240899,2997,1700,134,225,71,79,0.3511111111111111,0.42234855615375927,2,4,2,1018,3679,192,1886,2
UQ_new_245d6e166e350dd372292f1c082632c681e69d33.png,6646,15042,23753,33592,1117,4306,209334,230498,2484,2939,308,215,120,106,0.4930232558139535,0.4352586914864495,7,4,3,1117,4306,166,2440,2
UQ_new_290af1c9fdcf71b10cebfd0a0f2f1d39dbbdeab8.png,230376,249578,0,1149,0,1298,12565,29322,0,1298,166,0,0,0,,0.0,12,0,12,0,1298,0,884,2
UQ_new_299c25d0128c8e4c552898d334f9dfdd0b7ca81b.png,196632,226102,0,0,0,309,35912,65333,0,309,32,0,0,0,,0.0,3,0,3,0,309,0,226,2
UQ_new_2accfac337baaafea1c2adb7e9dcfa0589e78668.png,5171,17099,23204,40397,8064,19846,187194,223313,16538,11372,1184,1865,891,916,0.49115281501340485,0.5943765682697809,28,35,7,8064,19846,2291,12718,2
UQ_new_2c504c8ad3f78f8ad7eb1df3ee60262e13418380.png,189539,211411,0,728,0,21,50733,71856,0,21,10,0,0,0,,0.0,1,0,1,0,21,0,21,2
UQ_new_2c7d4d68d9e9b0525f5c9df58841fafa8bc3f62c.png,9504,25427,35150,49245,1410,5909,182130,215513,4974,2345,273,563,188,182,0.32326820603907636,0.4399922844467305,9,11,2,1410,5909,491,3896,2
UQ_new_2ea386ff1f8208104e2284575e0d196dd1ea829a.png,112703,130658,0,0,124,436,131101,149266,187,373,72,22,16,15,0.6818181818181818,0.33519553072625696,5,1,4,124,436,40,361,2
UQ_new_2f4ba69491be5bec0df7acc4db84dd564dff8c66.png,137726,154229,0,0,0,11,107904,124418,0,11,3,0,0,0,,0.0,1,0,1,0,11,0,11,2
UQ_new_35aa168f96c8737d3152b14390577a2bb360abcf.png,178849,208863,0,0,0,282,53158,83136,0,282,39,0,0,0,,0.0,5,0,5,0,282,0,223,2
UQ_new_38a9e59dcd1d26c5db15c569239d2ac53f4fda62.png,55676,72460,0,0,0,505,189181,206466,411,94,20,53,0,0,0.0,0.0,3,2,1,0,505,0,333,2
UQ_new_3b37777e6227ace46cca0269e0eade02b62443fd.png,31012,53232,9763,13730,2538,23970,171940,218103,23406,3102,401,2518,355,333,0.13224781572676728,0.23011943474109497,18,23,5,2538,23970,775,13734,2
UQ_new_3c66d8ee3275cda1d27419667f83b46cda0dc40c.png,100413,111591,0,143,0,1426,149172,161543,1426,0,0,130,0,0,0.0,0.0,0,4,4,0,1426,0,808,2
UQ_new_3cefebcfdbae6d9ee7e56b22d92bd0da2026a00f.png,10518,25323,9536,14265,10312,42596,180794,230944,37901,15007,1965,4723,1498,1442,0.30531441880160914,0.4360090200577601,59,60,1,10312,42596,3229,28298,2
UQ_new_3ec2170d8b2d8d10f3eb38b84654c67d7e1167f9.png,9496,16621,28970,34429,3749,19218,192554,219251,18211,4756,389,1445,317,315,0.2179930795847751,0.3439717533585946,9,11,2,3749,19218,808,9375,2
UQ_new_3ef30fe6b62ccfe3776cd5684ecf780bf6adedb2.png,11453,22560,24574,35321,1889,9050,195622,223819,4068,6871,662,488,210,236,0.48360655737704916,0.38312873001638886,23,11,12,1889,9050,469,5412,2
UQ_new_3f3505c743dc6d6b2cdf7742d3425517f1da6626.png,8993,27890,8775,13966,2191,13283,209640,239550,12984,2490,141,986,132,161,0.16328600405679514,0.27807108790799,4,12,8,2191,13283,307,6311,2
UQ_new_3f69f7107ccf123528175e2fbbe6d88ac216381b.png,10652,25728,18395,26540,633,4326,205684,232330,3606,1353,122,350,66,70,0.2,0.2920353982300885,4,6,2,633,4326,259,2759,2
UQ_new_49fc5f787d1cd7e9f311415fbd8833185ff58411.png,197468,235730,0,0,0,1695,26275,63120,0,1695,203,0,0,0,,0.0,10,0,10,0,1695,0,1140,2
UQ_new_4a1990e2821cb0ffd496605b3c736a71787899fd.png,6391,15900,54931,76634,5475,25222,145432,194303,21345,9352,1310,2677,862,820,0.30631303698169593,0.4180291172621234,49,32,17,5475,25222,2043,17372,2
UQ_new_4a225e6e8de680f973859e927ffe850d39b9f0d1.png,5751,14797,0,0,0,6349,241003,256388,6349,0,0,580,0,0,0.0,0.0,0,12,12,0,6349,0,3326,2
UQ_new_4c3f721162134e1c7d7723acba72643ac50c504e.png,8105,18384,24232,34304,5078,13312,197129,223744,12288,6102,498,1067,448,473,0.44329896907216493,0.5939263141667951,11,20,9,5078,13312,1176,7386,2
UQ_new_4c569fcb88bc16bae0dd539e87c3cebc9d5e7a80.png,141161,149004,0,0,0,0,113140,120983,0,0,0,0,0,0,,,0,0,0,0,0,0,0,2
UQ_new_4cae20cbcdeab3e6180040e6bd71d3a8ee96c008.png,4540,21851,20879,26219,821,5835,209223,234920,5436,1220,136,495,106,84,0.1696969696969697,0.27871161611418915,7,14,7,821,5835,206,3619,2
UQ_new_4cf53725687c8dcc90a30fcea5cd4923e24e58b8.png,7658,28771,0,1,0,0,233372,254486,0,0,0,0,0,0,,,0,0,0,0,0,0,0,2
UQ_new_4cf826c1cc742e44e81ba174d2786cca77bc071a.png,21522,65884,38619,55138,1355,16215,129286,196269,14776,2794,433,2042,213,202,0.098922624877571,0.1647205653775181,29,29,0,1355,16215,642,11543,2
UQ_new_4dda8b434d3d436ba774bfe24c429da15772fa9b.png,3597,14240,27490,50118,4516,13409,185230,225688,11777,6148,634,1055,470,427,0.404739336492891,0.5236065163168825,18,10,8,4516,13409,908,7755,2
UQ_new_4e2f76e018cf875297733560aa823fd5f3bb427d.png,5812,13452,0,0,0,0,248692,256332,0,0,0,0,0,0,,,0,0,0,0,0,0,0,2
UQ_new_4ef3e9d4f88b8eabf6eb439cd5343dbbcad04541.png,41233,60508,2933,3864,398,1661,196339,217352,1399,660,61,165,47,46,0.2787878787878788,0.40943092510178963,3,4,1,398,1661,150,1159,2
UQ_new_4f51b17e1fc9ff81e46aa9361e12cd1808abbfa8.png,3794,14100,0,998,0,0,247046,258350,0,0,0,0,0,0,,,0,0,0,0,0,0,0,2
UQ_new_4f9ae092dd734b59fae30eb3eaad39ff363ae5da.png,215175,234614,0,0,0,1510,26855,46134,133,1377,189,13,0,0,0.0,0.0,9,1,8,0,1510,0,911,2
UQ_new_4f9cd2c81dbc6f0efc56a2d75e07b9923149ce50.png,175963,192104,0,0,0,226,69830,86165,0,226,31,0,0,0,,0.0,2,0,2,0,226,0,188,2
UQ_new_4fdd039647526af148f19b8a1c841d4957b326f3.png,21913,67617,26389,44614,1446,41361,121965,198983,39920,2887,377,4926,185,177,0.035931790499390985,0.06696051997926462,23,45,22,1446,41361,365,25400,2
UQ_new_5252e4a17bcb4c71758aa81dac60f23ba65c84c6.png,13148,35968,0,0,0,49,226131,248992,0,49,11,0,0,0,,0.0,3,0,3,0,49,0,49,2
UQ_new_57da8ea021e3aa6b68774a0335a498cbd09fa0e6.png,129989,150345,0,0,0,1223,111209,131522,0,1223,173,0,0,0,,0.0,12,0,12,0,1223,0,898,2
UQ_new_5a5cdcd19ba288b773e2c85870e85cc91234f2ca.png,5591,31903,0,0,0,0,230241,256553,0,0,0,0,0,0,,,0,0,0,0,0,0,0,2
UQ_new_5be29377860870d65e5ac309798e7b689812608a.png,4659,18114,0,0,0,0,244030,257485,0,0,0,0,0,0,,,0,0,0,0,0,0,0,2
UQ_new_5c8760a261c886cdbd8bf98a1f7d55caade3a7dd.png,200216,231170,0,915,0,1822,30959,59206,0,1822,241,0,0,0,,0.0,15,0,15,0,1822,0,1238,2
UQ_new_5c9ab1120e0d6872c0636367a66f54432454c483.png,11837,25185,0,0,0,0,236959,250307,0,0,0,0,0,0,,,0,0,0,0,0,0,0,2
UQ_new_5cf43df17f626315f9b83c7a288d1428b5c7c482.png,18646,36876,33137,44561,1543,12833,168877,207815,11878,2498,381,1471,251,223,0.15159755268524813,0.24647719866838108,19,26,7,1543,12833,623,8988,2
UQ_new_5defcfff92a4e5062ee3dfaa440837abc232abe5.png,3246,12135,30644,38817,4775,12638,198897,223136,11073,6340,588,1189,488,511,0.42977291841883936,0.5662949926195071,14,20,6,4775,12638,1081,7491,2
UQ_new_5e0da2281acc4ab24329d04aef0ac91e6fcd0c93.png,36594,57669,3749,7873,1001,36780,160682,219940,36650,1131,175,3518,153,132,0.03752131893121091,0.07195459549589028,15,33,18,1001,36780,191,17747,2
UQ_new_5ef5544609e6c522e83d5d9b4b56663fe1639f83.png,93157,106578,0,0,0,1274,154292,168987,1099,175,32,113,0,0,0.0,0.0,1,4,3,0,1274,0,809,2
UQ_new_6315ca6b26f18a28383b03a49213a773879cc50b.png,35045,56276,0,0,0,218,205650,227099,0,218,22,0,0,0,,0.0,1,0,1,0,218,0,145,2
UQ_new_6a504336c83a7d3a6082baa2717f1c5b14bb285b.png,51237,73850,0,6,0,5,188283,210907,0,5,1,0,0,0,,0.0,1,0,1,0,5,0,5,2
UQ_new_6a8c95b346edee0413f6f7a93526e8663462e390.png,126844,144851,0,0,0,1363,116134,135096,787,576,87,102,0,0,0.0,0.0,4,4,0,0,1363,0,1043,2
UQ_new_6a92f4f59c5fad233b515541bf89987df11037e2.png,13688,23368,22062,31393,265,2638,205105,225769,2465,438,69,315,42,40,0.12698412698412698,0.21013133208255158,4,12,8,265,2638,102,1827,2
UQ_new_6ab4dbfedce3c9bdaf48629c2c33fbf52e1beeeb.png,181610,230715,0,0,0,2551,31290,78122,0,2551,385,0,0,0,,0.0,26,0,26,0,2551,0,1749,2
UQ_new_6ae57cedd47582ba156a7179f02356e2372b6fc3.png,197110,233568,0,170,0,2016,27664,63760,0,2016,167,0,0,0,,0.0,6,0,6,0,2016,0,971,2
UQ_new_6b0e25414062d860cbf6f9953039def0d0964afa.png,157852,176241,0,5,0,246,85903,104041,0,246,28,0,0,0,,0.0,2,0,2,0,246,0,149,2
UQ_new_6c4198085d1f0788814793320aad278c9d98caf4.png,23953,36046,10213,15041,3383,24282,187418,223952,21708,5957,870,2699,514,469,0.17376806224527602,0.26854993772684027,39,39,0,3383,24282,1184,15843,2
UQ_new_6d135e395bda07f8fb58134f6df585c8ab408a6c.png,8950,36895,16981,26887,2443,8056,190613,233463,7563,2936,336,840,307,315,0.375,0.5317551963048498,14,18,4,2443,8056,544,5570,2
UQ_new_6d817752c0ab67c651703d339b36437d9f49fcf4.png,18143,38590,34596,50558,2278,24665,150113,205345,22757,4186,705,2827,435,352,0.1245136186770428,0.20721223623981241,40,28,12,2278,24665,790,15796,2
UQ_new_6daa2da4087c346ce15356c808444e7d56f5bbef.png,181617,222272,0,756,0,1728,39710,78205,0,1728,302,0,0,0,,0.0,16,0,16,0,1728,0,1360,2
UQ_new_6e79c17c816ee2eb8919565fa342b39b29269660.png,6294,18282,26938,41255,3716,16388,186558,224857,14061,6043,480,1246,298,336,0.2696629213483146,0.3760054676410283,13,18,5,3716,16388,522,8733,2
UQ_new_6fd2d399ad8d1596077c960201a77652736a4e94.png,169018,185255,0,0,0,0,76889,93126,0,0,0,0,0,0,,,0,0,0,0,0,0,0,2
UQ_new_6fea8df36ff9455baee6ae91dcb87e059a199f55.png,6783,22433,0,0,0,0,239711,255361,0,0,0,0,0,0,,,0,0,0,0,0,0,0,2
UQ_new_72a21805d9deaee2ca629c440bba4de6644ecca7.png,15596,33184,0,0,0,0,228960,246548,0,0,0,0,0,0,,,0,0,0,0,0,0,0,2
UQ_new_7a6393189359fe8f0506731119ec7967ce8dd609.png,7671,17933,0,0,0,0,244211,254473,0,0,0,0,0,0,,,0,0,0,0,0,0,0,2
UQ_new_7a8f8b8bd715d91bb955f27a44da965e960f0f08.png,143639,199104,0,50,0,705,62804,117986,0,705,92,0,0,0,,0.0,10,0,10,0,705,0,539,2
UQ_new_7b4c6cff837e5c48ae5cb49094b8a0a7f013e6e6.png,81387,91310,0,0,0,2188,168646,180757,2186,2,2,223,0,0,0.0,0.0,1,9,8,0,2188,0,1515,2
UQ_new_7b87fe0fbed555fb1386aff721ce9e8b32aefb67.png,20669,33665,15113,22115,10650,36497,170499,215080,31312,15835,1915,3280,1390,1343,0.4094512195121951,0.5235614135095206,51,28,23,10650,36497,3212,21857,2
UQ_new_7decf8a55a344aa405b6f5e9f943b7327df40e49.png,28525,69659,51565,73430,9768,31219,101283,158839,25412,15575,1981,3059,1398,1390,0.45439686171951615,0.5528307533692399,58,40,18,9768,31219,3567,22700,2
UQ_new_80d02d999190ed217434758c70f42fcec9531ed9.png,8483,18591,7255,9729,773,4257,229608,245592,3975,1055,95,346,69,66,0.1907514450867052,0.3021496815286624,4,15,11,773,4257,251,2737,2
UQ_new_8840a1cd3cc383c3eb6af6cf5e9c3307f4b6c5fa.png,11403,41489,37708,52526,1512,15749,155536,208365,15134,2127,222,1518,176,182,0.11989459815546773,0.20828944117149803,8,39,31,1512,15749,512,10037,2
UQ_new_89f6dca2dcbcaf1f3948682912098b5ebfbeae12.png,62729,78799,0,0,0,47,183298,199415,0,47,4,0,0,0,,0.0,1,0,1,0,47,0,42,2
UQ_new_8bce489cf743221de085f228f17abaf44121b6ff.png,48569,72838,18256,21582,4471,27626,141670,189276,24265,7832,1092,2905,614,591,0.20344234079173837,0.29877951883911436,43,15,28,4471,27626,1561,16916,2
UQ_new_8bf5eead247817905ea4e02647c2fe7fbac814c4.png,2370,11111,0,0,0,0,251033,259774,0,0,0,0,0,0,,,0,0,0,0,0,0,0,2
UQ_new_8eee622f160e8f400d7d9b6fe0ce10dc51ab7031.png,22099,62263,51963,84223,2008,26689,100571,174472,24026,4671,626,2873,294,268,0.09328228332753219,0.15564927945635748,36,32,4,2008,26689,661,16788,2
UQ_new_8f7581b39724de06a36a675ee60e089bdd85501b.png,12365,35842,35204,51955,2794,28474,151109,206545,27533,3735,511,3297,441,361,0.10949347892023051,0.1943314648984893,22,39,17,2794,28474,799,16697,2
UQ_new_8f7e898df5a80f3337956bae8e60417ff051d882.png,115186,145333,0,0,0,4980,115133,143656,967,4013,473,111,0,0,0.0,0.0,24,6,18,0,4980,0,3282,2
UQ_new_8ff5ff7acb495743f14e7c96934cb678e2ba4a33.png,7084,24023,53943,74495,10680,36613,130220,187230,32599,14694,1732,3404,1266,1224,0.3595769682726204,0.4820282724819238,35,35,0,10680,36613,2323,21668,2
UQ_new_9c56984c0925c6190370652886d4e85636a3e449.png,3481,9871,0,0,0,0,252273,258663,0,0,0,0,0,0,,,0,0,0,0,0,0,0,2
UQ_new_9c84dac7433c4fb821961ae83f76234258d4addd.png,201751,217376,0,0,0,1613,44495,59053,0,1613,223,0,0,0,,0.0,11,0,11,0,1613,0,1025,2
UQ_new_9d829ed4a8215a30599009896347bb2d3008212f.png,132779,149166,0,70,0,39,112939,129295,0,39,18,0,0,0,,0.0,3,0,3,0,39,0,39,2
UQ_new_9f182e173c73ea0d8b22c7013baa6cbb5b240bc9.png,155174,211360,0,62,8,6315,49936,101433,471,5852,493,59,2,2,0.03389830508474576,0.007246376811594202,16,2,14,8,6315,6,3126,2
UQ_new_a18214d4bcfff3f50dcd5c8e56dbf5e1f97ce634.png,7355,14104,10685,13047,1304,8344,226755,242694,8095,1553,145,730,121,89,0.12191780821917808,0.2127525065441794,8,17,9,1304,8344,428,4875,2
