institute,backbone,area_ratio_base,stemIoU_base,precision_base,recall_base,stemIoU_cldice,area_ratio_cldice,precision_cldice,recall_cldice,stemIoU_skelrecall,area_ratio_skelrecall,precision_skelrecall,recall_skelrecall,stemIoU_tversky,area_ratio_tversky,precision_tversky,recall_tversky,delta_cldice,delta_skelrecall,delta_tversky
Arvalis,segformer_b2,0.762153739136802,35.80241906330511,60.95454258873968,46.456732551381386,35.04468097216689,1.280166397422579,46.22157557385078,59.17130788557203,34.126942486879045,1.6615693345476013,40.75685568664282,67.72034158150774,37.656893144891015,0.98543450504089,55.11557247530247,54.31278688224499,0.850978263821499,0.6306000465243641,2.8827545621968054
CIMMYT,segformer_b2,0.6607944882547903,28.128032952463045,55.175297863744845,36.4595327161789,23.31051622885941,1.1023012798534386,36.0534159068541,39.74172649721359,25.197832521237753,1.3345632071561258,35.207311602010805,46.986382686924614,27.100329965050662,1.0427948328241554,41.76897143427331,43.55646758403996,-2.726101524334064,-1.5147404484473674,0.6311798071303254
ETHZ,segformer_b2,0.5702121237339081,29.793098302207525,63.2100231283935,36.04312152931071,32.721416926566484,1.1128406864577354,46.80851333504019,52.090418111832186,31.061380756041643,1.823716841120889,36.69524179290097,66.9217304467166,35.68652385449491,0.8421209270310717,57.532229779864366,48.44909467638401,2.634763576882649,2.3294963622639813,4.299521669355812
INRAE,segformer_b2,0.8250690528032745,32.12367874761677,53.78158783326977,44.373523731852,28.64859613931854,1.8733783170350766,34.15589066592851,63.986904972571224,30.03107270583943,2.2631623491032755,33.30018697943226,75.36372938995022,34.11225146143074,1.2185938618020666,46.30850406258701,56.4312587999046,-0.5926916948077485,-1.7139425101798307,1.930065667404898
NJAU,segformer_b2,0.8993875957912328,37.39330101356226,57.47711372757215,51.69420312846038,37.06466494643835,1.0649440605901634,52.434371308178676,55.839672295424165,35.28572022924186,1.4515220577032721,44.051347087352376,63.941501968834764,38.435075046220234,1.0275715400889942,54.78298750429898,56.293438840468625,-0.01813628285112854,-1.263164031446515,0.7222573866540608
RRES,segformer_b2,0.8052682646841774,34.9270406255937,58.0315215860242,46.73094268456009,34.080225286239504,1.2253040697515512,46.161850716704365,56.56230355044141,35.30282407659462,1.377386776723973,45.034621868082695,62.030092655861374,38.407599289313666,0.9758917101702791,56.18478670324423,54.830267581381364,0.9756953283815212,1.702674136493254,2.85065845985493
ULiege,segformer_b2,0.6870177293831893,33.28155238415373,61.31761225618702,42.126286743444425,32.9060809125023,1.1784587168090415,45.76845691691846,53.936237008641626,31.52476796401958,1.7228214173592638,37.881158325690684,65.2624708778771,37.23642596435361,0.9546768890137308,55.55423344525598,53.036342757059536,0.9292322755293378,1.6305741347549436,3.7641427776753806
UQ,segformer_b2,0.48817371257054065,27.15206819519827,65.09666301718158,31.778479661050945,32.503560251453024,1.1889763686625505,45.16179929147688,53.696312123847136,31.87753220254099,1.3860677874512868,41.61138667168322,57.67620265679992,33.411050101992345,0.8025864805011085,56.24741819443403,45.143417405944824,4.188819180772317,4.668628243451505,4.470202386333664
USASK,segformer_b2,0.39520955891773957,22.853536574527528,65.67162401599549,25.95405356077321,30.514261948604727,0.7658445870505072,53.90843567655785,41.28548365925228,34.48059334203367,1.0731216625187026,49.53257911164934,53.15448364513229,35.50109132874501,0.6947211642400335,63.91262192927913,44.401451116341896,7.141382079145385,10.837789813780642,11.30541589967409
UTokyo,segformer_b2,0.22772668449753,10.191337688988042,49.86220832637215,11.354955383889864,18.35896374447438,0.4255237159359763,51.963415262402506,22.111665555181737,21.229437978729685,0.477021249381527,54.22248571679237,25.865277881196302,17.065580875232076,0.3873730601779862,52.21024048235844,20.224840628279765,5.862418194742991,8.020508040494041,5.480490270467174
Arvalis,upernet_convnext_t,0.6681753488350808,36.250838676880925,66.42477997328858,44.38340052994559,37.243617023094764,0.8374822092964721,59.53978330689902,49.863509264894994,37.59275946876537,1.0002105137909414,54.63776371597601,54.649265718744424,38.263229187009486,0.7739081885288289,63.4331998888291,49.09147281855084,0.30065622592851654,0.6000096061538762,1.1471219473030112
CIMMYT,upernet_convnext_t,0.5766641250411522,28.516556742585774,60.66724249622112,34.98462231274276,28.61608150527353,0.5648762705995336,61.63701013883332,34.81728441812981,32.03881624792656,0.6952514247602087,59.165299871069365,41.13475903172597,31.000278982988792,0.6540165359179447,59.84729141128296,39.14111821287905,1.1372023117643137,3.387430962724652,2.523449305108515
ETHZ,upernet_convnext_t,0.6486128526756308,30.74334830007763,59.7674454005554,38.765933258389246,31.66105787910124,0.8640907340618049,51.87711082127986,44.82653077056531,32.5086241970458,1.0626173352158685,47.62074792232737,50.602632258210114,34.063200340084116,0.832655122268408,55.923127742110346,46.564678767738684,0.7686041496846364,1.6504788632740348,2.6017811701583167
INRAE,upernet_convnext_t,0.8299831503466104,32.46504146904914,54.03715768377221,44.8499303701538,32.4756614698949,1.1346395020504259,46.11992066317449,52.32948381586945,32.287702133089375,1.3530779469582144,42.445452043515544,57.43200510875336,33.90709346980313,0.9680849099428342,51.47748974964415,49.83458102836743,-0.21982033342324675,-0.6433416094009121,1.117961927414903
NJAU,upernet_convnext_t,0.6361982876556338,33.301769090501935,64.2502512041753,40.87589979754065,33.86186098728433,0.7904035208137327,57.300184608536505,45.290267657864106,35.26054282056713,0.8454397954359473,56.902986807662366,48.10804952636448,33.892238849675,0.709278418523853,61.00155676662009,43.26708771092134,0.0407362707342334,3.1727135879055757,0.7982378362066553
RRES,upernet_convnext_t,0.718480607866182,34.80034775263253,61.74789487599407,44.36466504496133,35.269037472387005,0.8192718725230274,57.89816078225971,47.43433459972121,35.60684947901402,0.9665550605406292,53.42338890404896,51.63664689643863,34.330450636653325,0.8083649930303113,57.17203172204161,46.215869024516905,0.1630885672363261,1.7985488494373405,0.09150603635259486
ULiege,upernet_convnext_t,0.6163191288974075,32.66484145214745,64.57228838948801,39.79713653112143,33.94527968263308,0.8243047867682292,56.0869151244544,46.232712612151154,33.540595579889164,0.9828200128880884,50.67185037301671,49.80130863667157,35.36824956448803,0.7333425587812494,61.75530401818279,45.28779266700815,0.5888845128881173,0.8767984272177761,1.7082621163481428
UQ,upernet_convnext_t,0.4121744629590083,21.91696961609881,61.59190251414799,25.386609341392536,28.042506986596415,0.6125411622290313,57.65516231802545,35.316160134786756,25.81277260774765,0.6128066298472912,53.99689251450256,33.08965372403874,24.53533289726826,0.45339391501024706,63.15489527140437,28.634045219164168,3.045899973597273,3.037614371949399,1.184923518635925
USASK,upernet_convnext_t,0.24879993180569016,17.284638234670062,73.97104788008853,18.403991668161467,16.84612416793278,0.276552505696369,66.54980248440393,18.40451463066035,17.695384313385002,0.3043782943368914,64.43034429674225,19.611198300581062,20.006457121128417,0.31210924895786646,70.08562188971365,21.87437081074353,0.12649647016513704,0.9374558169393072,3.285393068012855
UTokyo,upernet_convnext_t,0.2015278886696114,9.712710734020824,52.78155852141659,10.636956049512623,10.517090930974303,0.1711532792972299,65.11704712052969,11.144996152830899,10.62942645113882,0.20721466949945858,55.97616963832163,11.599083491450443,9.677549342091456,0.18346530744832593,56.91794802416994,10.442468833582172,0.921669330797386,1.3305239568685172,0.8730872129650455
