iter,lr,loss,ce,dice,conn,sec_per_iter,val_stem_iou,val_miou
50,1.00e-05,2.9810,1.5846,0.7527,0.6437,0.143,,
100,2.00e-05,2.5701,1.3254,0.6289,0.6158,0.141,,
150,3.00e-05,2.1416,1.0937,0.5749,0.4729,0.141,,
200,4.00e-05,1.8277,0.9170,0.4912,0.4195,0.141,,
250,5.00e-05,1.2356,0.5582,0.3826,0.2948,0.141,,
300,6.00e-05,1.0813,0.5518,0.3610,0.1686,0.140,,
350,7.00e-05,1.3778,0.6735,0.4086,0.2958,0.142,,
400,8.00e-05,1.0387,0.4469,0.3420,0.2497,0.141,,
450,9.00e-05,1.2153,0.5752,0.3251,0.3150,0.141,,
500,1.00e-04,0.9763,0.4436,0.3210,0.2116,0.141,,
550,9.94e-05,1.0257,0.4599,0.2904,0.2754,0.142,,
600,9.88e-05,1.0643,0.5267,0.3435,0.1940,0.142,,
650,9.82e-05,1.1305,0.5367,0.3362,0.2576,0.141,,
700,9.76e-05,1.1692,0.4885,0.3061,0.3746,0.141,,
750,9.70e-05,1.1222,0.4864,0.3201,0.3156,0.141,,
800,9.64e-05,1.1256,0.4845,0.3170,0.3241,0.142,,
850,9.58e-05,0.7941,0.3657,0.2682,0.1602,0.141,,
900,9.52e-05,0.8892,0.3865,0.2912,0.2114,0.141,,
950,9.46e-05,0.8767,0.3091,0.2821,0.2855,0.141,,
1000,9.40e-05,0.9448,0.4439,0.2728,0.2281,0.149,0.2201,0.5506
1050,9.34e-05,0.7875,0.3470,0.2351,0.2054,0.149,,
1100,9.28e-05,0.8151,0.4000,0.2544,0.1607,0.148,,
1150,9.22e-05,0.9323,0.4491,0.2750,0.2082,0.148,,
1200,9.16e-05,0.8237,0.3683,0.2291,0.2263,0.148,,
1250,9.10e-05,0.8213,0.3856,0.2396,0.1961,0.148,,
1300,9.04e-05,0.7709,0.3408,0.2538,0.1763,0.147,,
1350,8.98e-05,0.9553,0.4237,0.2861,0.2456,0.147,,
1400,8.91e-05,0.7573,0.3859,0.2347,0.1366,0.147,,
1450,8.85e-05,0.6758,0.3344,0.1976,0.1438,0.147,,
1500,8.79e-05,0.8227,0.3947,0.2375,0.1905,0.147,,
1550,8.73e-05,0.7784,0.3795,0.2347,0.1642,0.147,,
1600,8.67e-05,0.6666,0.3272,0.2258,0.1136,0.147,,
1650,8.61e-05,0.7680,0.3148,0.2604,0.1929,0.147,,
1700,8.55e-05,0.6252,0.2749,0.2469,0.1035,0.146,,
1750,8.49e-05,0.6437,0.3067,0.2130,0.1240,0.146,,
1800,8.43e-05,0.8709,0.3768,0.2549,0.2392,0.146,,
1850,8.37e-05,0.5540,0.2008,0.2067,0.1465,0.146,,
1900,8.30e-05,0.5929,0.2427,0.2095,0.1406,0.146,,
1950,8.24e-05,0.8563,0.4140,0.2695,0.1728,0.146,,
2000,8.18e-05,0.5756,0.2503,0.2168,0.1084,0.149,0.2636,0.5804
2050,8.12e-05,0.7078,0.2963,0.2658,0.1457,0.149,,
2100,8.06e-05,0.9163,0.3642,0.2593,0.2928,0.149,,
2150,8.00e-05,0.6275,0.3107,0.2146,0.1022,0.149,,
2200,7.94e-05,0.6717,0.3217,0.2143,0.1357,0.149,,
2250,7.87e-05,0.8516,0.3834,0.2676,0.2007,0.148,,
2300,7.81e-05,0.8329,0.3534,0.2512,0.2283,0.148,,
2350,7.75e-05,0.5999,0.2735,0.1696,0.1568,0.148,,
2400,7.69e-05,0.6554,0.2509,0.2212,0.1833,0.148,,
2450,7.63e-05,0.8591,0.3098,0.2841,0.2652,0.148,,
2500,7.57e-05,0.6300,0.3035,0.2333,0.0932,0.148,,
2550,7.50e-05,0.4811,0.2344,0.1460,0.1007,0.148,,
2600,7.44e-05,0.9098,0.4217,0.2260,0.2621,0.148,,
2650,7.38e-05,0.6842,0.2872,0.2048,0.1922,0.148,,
2700,7.32e-05,0.6549,0.3288,0.2029,0.1231,0.147,,
2750,7.26e-05,0.7083,0.3166,0.2304,0.1612,0.147,,
2800,7.19e-05,0.5679,0.2630,0.1921,0.1127,0.147,,
2850,7.13e-05,0.6849,0.3303,0.1979,0.1567,0.147,,
2900,7.07e-05,0.7825,0.4024,0.2416,0.1385,0.147,,
2950,7.01e-05,0.7523,0.2995,0.2156,0.2372,0.147,,
3000,6.94e-05,0.7075,0.3296,0.2065,0.1715,0.149,0.2583,0.5982
3050,6.88e-05,0.7414,0.3595,0.2086,0.1734,0.149,,
3100,6.82e-05,0.6395,0.3486,0.1921,0.0988,0.149,,
3150,6.76e-05,0.5692,0.2662,0.1816,0.1213,0.149,,
3200,6.69e-05,0.5259,0.2426,0.2183,0.0650,0.149,,
3250,6.63e-05,0.6463,0.3090,0.2138,0.1235,0.149,,
3300,6.57e-05,0.6128,0.2714,0.2011,0.1403,0.149,,
3350,6.50e-05,0.5335,0.1975,0.1523,0.1837,0.148,,
3400,6.44e-05,0.6352,0.3167,0.2103,0.1083,0.148,,
3450,6.38e-05,0.7108,0.3403,0.2300,0.1404,0.148,,
3500,6.32e-05,0.5589,0.1937,0.2373,0.1279,0.148,,
3550,6.25e-05,0.5983,0.2571,0.2040,0.1372,0.148,,
3600,6.19e-05,0.6539,0.2923,0.2255,0.1361,0.148,,
3650,6.13e-05,0.6310,0.3009,0.2305,0.0997,0.148,,
3700,6.06e-05,0.4904,0.2290,0.2085,0.0529,0.148,,
3750,6.00e-05,0.8042,0.2380,0.2572,0.3090,0.148,,
3800,5.94e-05,0.6243,0.2786,0.2312,0.1144,0.147,,
3850,5.87e-05,0.5507,0.2776,0.1791,0.0940,0.147,,
3900,5.81e-05,0.6498,0.3498,0.1956,0.1044,0.147,,
3950,5.74e-05,0.5623,0.3037,0.1923,0.0663,0.147,,
4000,5.68e-05,0.5933,0.2883,0.1838,0.1212,0.149,0.2721,0.6075
4050,5.62e-05,0.5874,0.3070,0.1630,0.1174,0.149,,
4100,5.55e-05,0.7246,0.3316,0.2428,0.1502,0.149,,
4150,5.49e-05,0.7786,0.3695,0.2087,0.2005,0.149,,
4200,5.42e-05,0.6069,0.2914,0.2108,0.1046,0.149,,
4250,5.36e-05,0.6276,0.2593,0.2143,0.1540,0.149,,
4300,5.30e-05,0.5711,0.2771,0.1905,0.1035,0.149,,
4350,5.23e-05,0.6145,0.2851,0.2070,0.1224,0.149,,
4400,5.17e-05,0.5250,0.2195,0.2019,0.1036,0.148,,
4450,5.10e-05,0.7328,0.3621,0.2253,0.1454,0.148,,
4500,5.04e-05,0.4477,0.1951,0.1972,0.0553,0.148,,
4550,4.97e-05,0.6010,0.2547,0.1717,0.1746,0.148,,
4600,4.91e-05,0.5511,0.3118,0.1797,0.0596,0.148,,
4650,4.84e-05,0.5830,0.2769,0.2249,0.0812,0.148,,
4700,4.78e-05,0.6126,0.3103,0.2035,0.0988,0.148,,
4750,4.71e-05,0.5899,0.2624,0.2029,0.1246,0.148,,
4800,4.65e-05,0.5728,0.3076,0.1937,0.0715,0.148,,
4850,4.58e-05,0.5772,0.2984,0.1788,0.1000,0.148,,
4900,4.52e-05,0.5779,0.2907,0.1819,0.1054,0.148,,
4950,4.45e-05,0.6198,0.2967,0.1748,0.1483,0.148,,
5000,4.39e-05,0.5953,0.2852,0.1811,0.1291,0.149,0.2821,0.615
5050,4.32e-05,0.6387,0.2824,0.1960,0.1603,0.149,,
5100,4.25e-05,0.4531,0.1852,0.1951,0.0728,0.149,,
5150,4.19e-05,0.7187,0.3316,0.2496,0.1375,0.149,,
5200,4.12e-05,0.5351,0.2437,0.1806,0.1107,0.149,,
5250,4.05e-05,0.6839,0.3505,0.2034,0.1300,0.149,,
5300,3.99e-05,0.5161,0.2821,0.1876,0.0464,0.149,,
5350,3.92e-05,0.6231,0.3164,0.2059,0.1009,0.149,,
5400,3.86e-05,0.4926,0.2590,0.1849,0.0486,0.149,,
5450,3.79e-05,0.5761,0.2371,0.2041,0.1349,0.149,,
5500,3.72e-05,0.5087,0.2220,0.1905,0.0962,0.149,,
5550,3.65e-05,0.6806,0.3873,0.1953,0.0980,0.149,,
5600,3.59e-05,0.5368,0.2658,0.1628,0.1082,0.148,,
5650,3.52e-05,0.6494,0.3217,0.1942,0.1335,0.148,,
5700,3.45e-05,0.5366,0.2773,0.1777,0.0817,0.148,,
5750,3.39e-05,0.4221,0.2174,0.1434,0.0613,0.148,,
5800,3.32e-05,0.3606,0.1600,0.1449,0.0557,0.148,,
5850,3.25e-05,0.5178,0.2472,0.1771,0.0935,0.148,,
5900,3.18e-05,0.6381,0.3417,0.1993,0.0971,0.148,,
5950,3.11e-05,0.5005,0.2510,0.1873,0.0622,0.148,,
6000,3.04e-05,0.6478,0.3259,0.1957,0.1262,0.149,0.2934,0.6173
6050,2.98e-05,0.4166,0.2088,0.1552,0.0526,0.149,,
6100,2.91e-05,0.4822,0.2661,0.1557,0.0604,0.149,,
6150,2.84e-05,0.5991,0.3248,0.1964,0.0779,0.149,,
6200,2.77e-05,0.5431,0.2269,0.1978,0.1184,0.149,,
6250,2.70e-05,0.4949,0.2399,0.1744,0.0806,0.149,,
6300,2.63e-05,0.5755,0.2937,0.1789,0.1029,0.149,,
6350,2.56e-05,0.5261,0.2535,0.1861,0.0866,0.149,,
6400,2.49e-05,0.6602,0.3112,0.1885,0.1604,0.149,,
6450,2.42e-05,0.7083,0.3574,0.1949,0.1560,0.149,,
6500,2.35e-05,0.6790,0.2900,0.2212,0.1678,0.149,,
6550,2.28e-05,0.5289,0.2724,0.1743,0.0822,0.149,,
6600,2.21e-05,0.5167,0.2890,0.1425,0.0852,0.149,,
6650,2.14e-05,0.6735,0.3319,0.2297,0.1119,0.149,,
6700,2.07e-05,0.5764,0.2166,0.2202,0.1396,0.149,,
6750,2.00e-05,0.5379,0.2407,0.1773,0.1200,0.149,,
6800,1.92e-05,0.5223,0.2791,0.1910,0.0522,0.148,,
6850,1.85e-05,0.4268,0.2377,0.1378,0.0514,0.148,,
6900,1.78e-05,0.5930,0.2984,0.1630,0.1316,0.148,,
6950,1.71e-05,0.5923,0.2910,0.1898,0.1115,0.148,,
7000,1.63e-05,0.4949,0.2529,0.1775,0.0645,0.149,0.3037,0.6251
7050,1.56e-05,0.4389,0.1860,0.1752,0.0776,0.149,,
7100,1.48e-05,0.4152,0.1996,0.1401,0.0756,0.149,,
7150,1.41e-05,0.5159,0.2843,0.1643,0.0673,0.149,,
7200,1.34e-05,0.5005,0.2491,0.1571,0.0943,0.149,,
7250,1.26e-05,0.4989,0.2571,0.1565,0.0853,0.149,,
7300,1.18e-05,0.4330,0.2131,0.1500,0.0699,0.149,,
7350,1.11e-05,0.4804,0.2092,0.1926,0.0786,0.149,,
7400,1.03e-05,0.3791,0.1813,0.1479,0.0499,0.149,,
7450,9.54e-06,0.5064,0.2670,0.1538,0.0856,0.149,,
7500,8.76e-06,0.5959,0.2715,0.1853,0.1391,0.149,,
7550,7.97e-06,0.5885,0.3058,0.1778,0.1049,0.149,,
7600,7.17e-06,0.5696,0.2507,0.1629,0.1560,0.149,,
7650,6.36e-06,0.5462,0.2533,0.1706,0.1223,0.149,,
7700,5.54e-06,0.6125,0.2785,0.2043,0.1297,0.149,,
7750,4.70e-06,0.3948,0.1789,0.1427,0.0732,0.149,,
7800,3.85e-06,0.4940,0.2251,0.1733,0.0956,0.149,,
7850,2.98e-06,0.4109,0.1955,0.1470,0.0683,0.148,,
7900,2.07e-06,0.4950,0.2622,0.1614,0.0714,0.148,,
7950,1.12e-06,0.5420,0.2641,0.1713,0.1065,0.148,,
8000,3.25e-08,0.5017,0.2756,0.1415,0.0845,0.149,0.309,0.6279
