split,institute,backbone,loss,loss_iou,loss_cc,loss_betti,ref_cc,base_off,base_area_match,base_iou,base_cc,base_betti
loio,Arvalis,segformer_b2,cldice,35.04529204014756,10.554545454545455,7.081818181818182,16.12727272727273,1.5,0.962198148695981,36.99316945455363,22.01818181818182,10.4
loio,Arvalis,segformer_b2,skelrecall,34.1255917435239,22.272727272727273,10.818181818181818,16.12727272727273,2.5,1.012379272997431,34.30043846835111,25.62727272727273,13.409090909090908
loio,Arvalis,upernet_convnext_t,cldice,37.243617023094764,11.272727272727273,6.363636363636363,16.12727272727273,1.0,0.9716736133595081,37.30849980252354,15.809090909090909,6.954545454545454
loio,Arvalis,upernet_convnext_t,skelrecall,37.59275946876537,16.545454545454547,7.054545454545455,16.12727272727273,2.0,0.9990917784213874,37.23584463356922,18.345454545454544,7.8545454545454545
loio,CIMMYT,segformer_b2,cldice,23.310112860900265,9.194444444444445,4.824074074074074,8.685185185185185,1.5,0.9978864500716379,29.065293245394397,23.52777777777778,15.37962962962963
loio,CIMMYT,segformer_b2,skelrecall,25.20124430937948,24.52777777777778,16.324074074074073,8.685185185185185,2.0,0.9860988533087758,28.374858943090775,27.77777777777778,19.5
loio,CIMMYT,upernet_convnext_t,cldice,28.61608150527353,7.712962962962963,3.9166666666666665,8.685185185185185,0.0,1.0208680290802576,28.516556742585774,15.62962962962963,8.425925925925926
loio,CIMMYT,upernet_convnext_t,skelrecall,32.03881624792656,15.398148148148149,8.37962962962963,8.685185185185185,1.0,1.0584113439332063,29.625643109446113,18.26851851851852,10.601851851851851
loio,ETHZ,segformer_b2,cldice,32.72295540227441,10.690909090909091,8.0,18.509090909090908,2.0,1.0906339433053063,33.38758422344454,23.954545454545453,8.190909090909091
loio,ETHZ,segformer_b2,skelrecall,31.058649461689793,27.745454545454546,10.472727272727273,18.509090909090908,3.0,0.9807951414724395,30.864180370025437,33.39090909090909,15.936363636363636
loio,ETHZ,upernet_convnext_t,cldice,31.66105787910124,13.327272727272728,6.945454545454545,18.509090909090908,1.0,0.9737323645932124,32.22375270929973,20.263636363636362,6.536363636363636
loio,ETHZ,upernet_convnext_t,skelrecall,32.5086241970458,20.754545454545454,6.318181818181818,18.509090909090908,2.0,1.0379536135774463,32.10241897398502,25.027272727272727,8.9
loio,INRAE,segformer_b2,cldice,28.648753108015285,10.927272727272728,11.309090909090909,20.90909090909091,2.0,0.9292168309776727,31.967998364057877,31.863636363636363,13.463636363636363
loio,INRAE,segformer_b2,skelrecall,30.031600076156582,28.381818181818183,11.763636363636364,20.90909090909091,2.5,0.9161281680985833,30.283016344851113,34.18181818181818,16.036363636363635
loio,INRAE,upernet_convnext_t,cldice,32.4756614698949,15.472727272727273,8.363636363636363,20.90909090909091,1.5,1.0433558799098137,33.48939428285487,29.3,11.427272727272728
loio,INRAE,upernet_convnext_t,skelrecall,32.287702133089375,28.28181818181818,11.736363636363636,20.90909090909091,2.0,0.9866436260829415,33.052501532248236,31.29090909090909,13.127272727272727
loio,NJAU,segformer_b2,cldice,37.06672393983815,5.036363636363636,1.8454545454545455,5.390909090909091,0.5,0.9602698529053878,37.559647355540434,8.836363636363636,4.045454545454546
loio,NJAU,segformer_b2,skelrecall,35.28511349413547,10.745454545454546,5.718181818181818,5.390909090909091,2.0,1.0429233824062503,35.31508528671979,10.881818181818181,5.836363636363636
loio,NJAU,upernet_convnext_t,cldice,33.86186098728433,4.618181818181818,2.172727272727273,5.390909090909091,1.0,0.9844881137140893,34.484515936664366,7.463636363636364,3.2
loio,NJAU,upernet_convnext_t,skelrecall,35.26054282056713,7.490909090909091,3.0454545454545454,5.390909090909091,1.5,1.0249244334131573,34.594840708926824,8.154545454545454,3.8181818181818183
loio,RRES,segformer_b2,cldice,34.07994097841777,5.590909090909091,3.827272727272727,8.036363636363637,1.5,1.0081684366433123,35.20021490711466,11.345454545454546,5.8545454545454545
loio,RRES,segformer_b2,skelrecall,35.300609517557945,10.981818181818182,4.763636363636364,8.036363636363637,2.0,1.0327447922247488,34.25438549986595,12.536363636363637,6.627272727272727
loio,RRES,upernet_convnext_t,cldice,35.269037472387005,6.218181818181818,2.981818181818182,8.036363636363637,1.0,1.034002008360384,35.604140706986186,8.672727272727272,3.6363636363636362
loio,RRES,upernet_convnext_t,skelrecall,35.60684947901402,9.281818181818181,3.6272727272727274,8.036363636363637,2.0,1.0374695836225922,35.47441206922053,10.536363636363637,4.245454545454545
loio,ULiege,segformer_b2,cldice,32.904250091352395,8.486238532110091,9.522935779816514,17.293577981651374,1.5,0.9895075359270943,33.77325736384868,17.53211009174312,8.238532110091743
loio,ULiege,segformer_b2,skelrecall,31.525495767666648,17.834862385321102,7.293577981651376,17.293577981651374,2.5,0.9722716106515956,30.844045632170438,22.357798165137616,11.082568807339449
loio,ULiege,upernet_convnext_t,cldice,33.94527968263308,9.027522935779816,9.34862385321101,17.293577981651374,1.0,0.9586747247570796,33.99099076816532,13.431192660550458,7.036697247706422
loio,ULiege,upernet_convnext_t,skelrecall,33.540595579889164,13.724770642201834,6.761467889908257,17.293577981651374,2.0,1.0469181464747295,33.7656271914834,16.229357798165136,7.669724770642202
loio,UQ,segformer_b2,cldice,32.502913752913756,5.7727272727272725,5.7,10.545454545454545,2.5,0.9924986530319433,31.151892660740597,19.80909090909091,10.645454545454545
loio,UQ,segformer_b2,skelrecall,31.876067403494336,18.181818181818183,9.309090909090909,10.545454545454545,3.0,1.029522299201633,30.085418088246175,24.827272727272728,15.190909090909091
loio,UQ,upernet_convnext_t,cldice,28.042506986596415,6.290909090909091,5.127272727272727,10.545454545454545,1.5,1.026465523551234,25.89023531686249,14.754545454545454,8.136363636363637
loio,UQ,upernet_convnext_t,skelrecall,25.81277260774765,13.354545454545455,6.5181818181818185,10.545454545454545,1.5,1.0260208590445348,25.89023531686249,14.754545454545454,8.136363636363637
loio,USASK,segformer_b2,cldice,30.514440855323198,11.681818181818182,6.009090909090909,16.163636363636364,2.0,0.9788562879035678,29.603178692194547,33.68181818181818,18.19090909090909
loio,USASK,segformer_b2,skelrecall,34.47870650742485,30.2,14.872727272727273,16.163636363636364,3.0,0.9551828645753888,31.13279686381391,42.481818181818184,26.645454545454545
loio,USASK,upernet_convnext_t,cldice,16.84612416793278,10.927272727272728,7.072727272727272,16.163636363636364,0.5,1.02241787832888,18.714297122474512,20.40909090909091,7.463636363636364
loio,USASK,upernet_convnext_t,skelrecall,17.695384313385002,18.772727272727273,6.536363636363636,16.163636363636364,1.0,1.058175995271697,20.15387635234719,21.945454545454545,8.054545454545455
loio,UTokyo,segformer_b2,cldice,18.358155677911068,9.880733944954128,6.5963302752293576,8.256880733944953,2.0,0.9639656325696079,14.15732311265929,22.174311926605505,16.137614678899084
loio,UTokyo,segformer_b2,skelrecall,21.228474747252445,18.34862385321101,12.146788990825687,8.256880733944953,2.5,0.993400285091276,15.134159589819303,25.431192660550458,18.55045871559633
loio,UTokyo,upernet_convnext_t,cldice,10.517090930974303,6.678899082568807,5.926605504587156,8.256880733944953,-1.0,0.9707929988726639,8.691825632587777,13.623853211009175,9.917431192660551
loio,UTokyo,upernet_convnext_t,skelrecall,10.62942645113882,12.743119266055047,8.761467889908257,8.256880733944953,0.0,0.9725560895684463,9.712710734020824,15.385321100917432,11.091743119266056
region,UQ,deeplabv3plus_r101,cldice,24.513224883561197,5.093939393939394,6.3121212121212125,10.545454545454545,2.0,1.0254774460148155,23.03595348987233,19.506060606060604,11.25151515151515
region,UQ,deeplabv3plus_r101,skelrecall,25.22279283294685,16.527272727272727,8.121212121212121,10.545454545454545,2.3333333333333335,1.0229542296209309,23.36999114964476,21.406060606060606,12.666666666666666
region,UQ,segformer_b1,cldice,26.96522573470098,6.154545454545455,5.627272727272728,10.545454545454545,1.8333333333333333,0.969027871229363,23.159315620320246,18.3030303030303,9.993939393939394
region,UQ,segformer_b1,skelrecall,27.58080811047051,18.2,8.703030303030303,10.545454545454545,2.5,0.9894868098590717,23.93114280048243,23.612121212121213,14.163636363636364
region,UQ,segformer_b2,cldice,31.5483661455924,6.996969696969697,5.6878787878787875,10.545454545454545,2.0,1.0140066794472231,30.700158446590265,18.49090909090909,10.103030303030303
region,UQ,segformer_b2,skelrecall,32.660456043505285,16.066666666666666,7.533333333333334,10.545454545454545,2.3333333333333335,0.9999226757576282,30.49467880082661,20.59090909090909,11.803030303030303
region,UQ,upernet_convnext_t,cldice,26.375439620630143,7.548484848484848,5.148484848484848,10.545454545454545,0.6666666666666666,0.9970617305545159,23.271266023157605,13.86969696969697,7.06969696969697
region,UQ,upernet_convnext_t,skelrecall,25.413592597953578,13.781818181818181,6.509090909090909,10.545454545454545,1.1666666666666667,0.9663096402661194,24.220303795463973,15.121212121212123,7.703030303030303
